"id","pr_id","repo_name","actor_login","pull_additions","pull_changed_files","risk_label","low_risk_prob","high_risk_prob","predict_hours","risk_reason","merge_status","created_at"
"1","544290085","ray-project/ray","AmplabJenkins","0","0","1","0.0022301","0.99777","0.163126","贡献者历史合并率低（<30%）;所属仓库PR合并率低（<50%）;","0","1/1/2020 08:00:52"
"2","575804827","kubernetes/website","sftim","0","0","1","0.00061155","0.999388","2.90464","贡献者历史合并率低（<30%）;所属仓库PR合并率低（<50%）;","0","9/3/2020 07:23:41"
"3","385229005","openwrt/openwrt","adrianschmutzler","0","0","1","0.000379164","0.999621","2.90553","贡献者历史合并率低（<30%）;所属仓库PR合并率低（<50%）;","0","8/3/2020 20:41:53"
"4","378403960","scikit-learn/scikit-learn","jnothman","0","0","1","0.000937769","0.999062","0.193533","贡献者历史合并率低（<30%）;所属仓库PR合并率低（<50%）;","0","1/1/2020 08:10:20"
"5","378403960","scikit-learn/scikit-learn","jnothman","0","0","1","0.000937769","0.999062","2.82839","贡献者历史合并率低（<30%）;所属仓库PR合并率低（<50%）;","0","1/1/2020 08:10:20"
"6","358436979","microsoft/vscode","crydotsnake","0","0","1","0.00198828","0.998012","0.163269","贡献者历史合并率低（<30%）;所属仓库PR合并率低（<50%）;","0","1/1/2020 08:12:57"
"7","544291910","magento/magento2","justinharris1986","0","0","1","0.00000556513","0.999994","0.228273","贡献者历史合并率低（<30%）;所属仓库PR合并率低（<50%）;","0","1/1/2020 08:14:24"
"8","544291910","magento/magento2","justinharris1986","0","0","1","0.00000556513","0.999994","3.1162","贡献者历史合并率低（<30%）;所属仓库PR合并率低（<50%）;","0","1/1/2020 08:14:24"
"9","544293455","NixOS/nixpkgs","alyssais","0","0","1","0.000344045","0.999656","0.166218","贡献者历史合并率低（<30%）;所属仓库PR合并率低（<50%）;","0","1/1/2020 08:32:43"
"10","495120529","sourcegraph/sourcegraph","limitedmage","0","0","1","0.073971","0.926029","3.14573","贡献者历史合并率低（<30%）;所属仓库PR合并率低（<50%）;","0","30/9/2020 05:43:06"
"11","358439308","microsoftgraph/microsoft-graph-docs","ananmishr","0","0","1","0.0153441","0.984656","0.173215","贡献者历史合并率低（<30%）;","0","1/1/2020 08:44:48"
"12","528947390","brave/brave-browser","atombender","0","0","1","0.000128508","0.999871","0.167486","贡献者历史合并率低（<30%）;所属仓库PR合并率低（<50%）;","0","1/1/2020 08:48:57"
"13","493604783","aws/aws-cdk","iliapolo","0","0","1","0.00458708","0.995413","2.71843","贡献者历史合并率低（<30%）;所属仓库PR合并率低（<50%）;","0","30/9/2020 04:15:46"
"14","385292503","ankidroid/Anki-Android","timrae","0","0","1","0.00102349","0.998977","2.71214","贡献者历史合并率低（<30%）;所属仓库PR合并率低（<50%）;","0","9/3/2020 07:57:12"
"15","567329301","espressif/esp-idf","Alvin1Zhang","0","0","1","0.000741825","0.999258","2.09356","贡献者历史合并率低（<30%）;所属仓库PR合并率低（<50%）;","0","9/3/2020 08:28:15"
"16","643556450","Azure/azure-sdk-for-js","HarshaNalluru","0","0","1","0.00000634991","0.999994","2.91192","贡献者历史合并率低（<30%）;所属仓库PR合并率低（<50%）;","0","23/6/2020 15:34:37"
"17","643423820","microsoft/vscode","Tyriar","0","0","1","0.00000583917","0.999994","1.61905","贡献者历史合并率低（<30%）;所属仓库PR合并率低（<50%）;","0","23/6/2020 15:44:26"
"18","278323099","NixOS/nixpkgs","sorpaas","0","0","1","0.000215296","0.999785","0.189198","贡献者历史合并率低（<30%）;所属仓库PR合并率低（<50%）;","0","1/1/2020 09:05:32"
"19","544054172","Homebrew/homebrew-cask","ran-dall","0","0","1","0.000650181","0.99935","0.166096","贡献者历史合并率低（<30%）;","0","1/1/2020 09:08:21"
"20","438368223","taosdata/TDengine","sangshuduo","0","0","0","0.051997","0.948003","2.6601","贡献者历史合并率低（<30%）;","0","23/6/2020 15:12:43"
"21","358441188","Azure/azure-sdk-for-python","YijunXieMS","0","0","1","0.258282","0.741718","0.168657","无明确高风险原因;","0","1/1/2020 09:21:20"
"22","544296422","Homebrew/homebrew-cask","ran-dall","0","0","1","0.000650181","0.99935","0.166096","贡献者历史合并率低（<30%）;","0","1/1/2020 09:22:17"
"23","358441514","Azure/azure-sdk-for-js","HarshaNalluru","0","0","1","0.137821","0.862179","0.166133","贡献者历史合并率低（<30%）;所属仓库PR合并率低（<50%）;","0","1/1/2020 09:28:09"
"24","495110251","mozilla-mobile/fenix","MarcLeclair","0","0","1","0.000341214","0.999659","2.44307","贡献者历史合并率低（<30%）;","0","30/9/2020 05:56:19"
"25","711463321","huggingface/transformers","NatBala","0","0","1","0.000175386","0.999825","1.8057","贡献者历史合并率低（<30%）;所属仓库PR合并率低（<50%）;","0","30/9/2020 05:56:26"
"26","570849162","DefinitelyTyped/DefinitelyTyped","Ovilia","0","0","1","0.000113336","0.999887","2.63128","贡献者历史合并率低（<30%）;所属仓库PR合并率低（<50%）;","0","30/3/2020 11:13:31"
"27","495121549","dotnet/docs","stephentoub","0","0","1","0.00183975","0.99816","2.12812","含bug标签;贡献者历史合并率低（<30%）;","0","30/9/2020 05:58:17"
"28","711471004","ClickHouse/ClickHouse","alexey-milovidov","0","0","1","0.00617308","0.993827","1.60639","贡献者历史合并率低（<30%）;所属仓库PR合并率低（<50%）;","0","30/9/2020 05:58:28"
"29","541354538","PowerShell/PowerShell","spongemike2","0","0","1","0.00000559236","0.999994","0.206906","贡献者历史合并率低（<30%）;所属仓库PR合并率低（<50%）;","0","1/1/2020 09:35:52"
"30","544299016","NixOS/nixpkgs","mrVanDalo","0","0","1","0.0000859998","0.999914","0.165153","含bug标签;贡献者历史合并率低（<30%）;所属仓库PR合并率低（<50%）;","0","1/1/2020 09:49:12"
"31","544296607","NixOS/nixpkgs","Infinisil","0","0","1","0.000440589","0.999559","0.168977","贡献者历史合并率低（<30%）;所属仓库PR合并率低（<50%）;","0","1/1/2020 09:55:03"
"32","544105877","ant-design/ant-design","xrkffgg","0","0","1","0.00000635141","0.999994","0.207008","贡献者历史合并率低（<30%）;所属仓库PR合并率低（<50%）;","0","1/1/2020 10:11:11"
"33","543073707","ant-design/ant-design","xrkffgg","0","0","1","0.000733106","0.999267","0.167276","贡献者历史合并率低（<30%）;所属仓库PR合并率低（<50%）;","0","1/1/2020 10:14:15"
"34","306196845","RPCS3/rpcs3","Zerowalker","0","0","1","0.00000554642","0.999994","0.189355","含bug标签;贡献者历史合并率低（<30%）;","0","1/1/2020 10:19:04"
"35","493785510","rust-lang/rust","lcnr","0","0","1","0.000348339","0.999652","3.1434","贡献者历史合并率低（<30%）;所属仓库PR合并率低（<50%）;","0","29/9/2020 00:03:02"
"36","358444887","laravel/framework","ejunker","0","0","1","0.000940416","0.99906","0.164073","贡献者历史合并率低（<30%）;所属仓库PR合并率低（<50%）;","0","1/1/2020 10:43:03"
"37","371218653","PaddlePaddle/Paddle","phlrain","0","0","1","0.00654266","0.993457","2.72732","所属仓库PR合并率低（<50%）;","0","5/2/2020 15:15:13"
"38","544209756","JuliaLang/julia","johnnychen94","0","0","1","0.00000552439","0.999995","0.201089","贡献者历史合并率低（<30%）;所属仓库PR合并率低（<50%）;","0","1/1/2020 10:48:47"
"39","544264446","JuliaLang/julia","yuyichao","0","0","1","0.00000552739","0.999995","0.214275","贡献者历史合并率低（<30%）;所属仓库PR合并率低（<50%）;","0","1/1/2020 11:02:33"
"40","642856195","Azure/azure-rest-api-specs","AutorestCI","0","0","1","0.000359065","0.999641","3.14585","贡献者历史合并率低（<30%）;所属仓库PR合并率低（<50%）;","0","22/6/2020 16:13:31"
"41","358377338","scikit-learn/scikit-learn","qinhanmin2014","0","0","0","0.089027","0.910973","0.212384",,"1","1/1/2020 11:11:19"
"42","494072486","aws/aws-cdk","iliapolo","0","0","1","0.00250442","0.997496","2.70719","贡献者历史合并率低（<30%）;所属仓库PR合并率低（<50%）;","0","30/9/2020 02:11:26"
"43","544279497","ray-project/ray","mehrdadn","0","0","1","0.00000553493","0.999995","0.168015","贡献者历史合并率低（<30%）;所属仓库PR合并率低（<50%）;","0","1/1/2020 11:18:02"
"44","641545261","Azure/azure-rest-api-specs","AutorestCI","0","0","1","0.0000055169","0.999995","3.14555","贡献者历史合并率低（<30%）;所属仓库PR合并率低（<50%）;","0","19/6/2020 04:58:46"
"45","544023859","ArduPilot/ardupilot","rmackay9","0","0","1","0.0000055935","0.999994","0.254373","贡献者历史合并率低（<30%）;所属仓库PR合并率低（<50%）;","0","1/1/2020 11:59:22"
"46","544257819","dotnet/docs","Youssef1313","0","0","1","0.00000794141","0.999992","0.190385","贡献者历史合并率低（<30%）;","0","1/1/2020 12:04:49"
"47","544242341","apache/arrow","github-actions[bot]","0","0","1","0.00000583588","0.999994","0.17336","贡献者历史合并率低（<30%）;所属仓库PR合并率低（<50%）;","0","1/1/2020 12:31:29"
"48","544242341","apache/arrow","github-actions[bot]","0","0","1","0.00000583588","0.999994","2.04854","贡献者历史合并率低（<30%）;所属仓库PR合并率低（<50%）;","0","1/1/2020 12:31:29"
"49","544306625","ray-project/ray","ericl","0","0","1","0.000812949","0.999187","0.165121","贡献者历史合并率低（<30%）;所属仓库PR合并率低（<50%）;","0","1/1/2020 12:41:40"
"50","493298359","yuzu-emu/yuzu","lioncash","0","0","1","0.00174919","0.998251","2.7142","贡献者历史合并率低（<30%）;","0","26/9/2020 02:26:58"
"51","544279602","ArduPilot/ardupilot","rmackay9","0","0","1","0.000339684","0.99966","0.166574","含bug标签;贡献者历史合并率低（<30%）;所属仓库PR合并率低（<50%）;","0","1/1/2020 13:06:40"
"52","541602227","strapi/strapi","UnbrandedTech","0","0","1","0.0000953827","0.999905","0.189698","贡献者历史合并率低（<30%）;所属仓库PR合并率低（<50%）;","0","1/1/2020 13:10:31"
"53","541602227","strapi/strapi","UnbrandedTech","0","0","1","0.0000953827","0.999905","2.85224","贡献者历史合并率低（<30%）;所属仓库PR合并率低（<50%）;","0","1/1/2020 13:10:31"
"54","544313319","apache/arrow","github-actions[bot]","0","0","1","0.00119849","0.998801","0.164106","贡献者历史合并率低（<30%）;所属仓库PR合并率低（<50%）;","0","1/1/2020 13:31:30"
"55","544312783","apache/arrow","github-actions[bot]","0","0","1","0.00119849","0.998801","0.164106","贡献者历史合并率低（<30%）;所属仓库PR合并率低（<50%）;","0","1/1/2020 13:31:31"
"56","540477640","brave/brave-core","NejcZdovc","0","0","1","0.000319359","0.999681","0.167439","贡献者历史合并率低（<30%）;所属仓库PR合并率低（<50%）;","0","1/1/2020 14:36:56"
"57","541710407","brave/brave-core","NejcZdovc","0","0","1","0.000319359","0.999681","0.167439","贡献者历史合并率低（<30%）;所属仓库PR合并率低（<50%）;","0","1/1/2020 14:39:33"
"58","544205054","dotnet/docs","paisanousa","0","0","1","0.000182065","0.999818","0.169234","贡献者历史合并率低（<30%）;","0","1/1/2020 15:11:21"
"59","538463521","opencv/opencv","PascalYIN","0","0","1","0.00011443","0.999886","0.171737","贡献者历史合并率低（<30%）;所属仓库PR合并率低（<50%）;","0","1/1/2020 15:21:29"
"60","538463521","opencv/opencv","PascalYIN","0","0","1","0.00011443","0.999886","1.67453","贡献者历史合并率低（<30%）;所属仓库PR合并率低（<50%）;","0","1/1/2020 15:21:29"
"61","544320729","IntelRealSense/librealsense","kafan1986","0","0","1","0.00000553803","0.999995","0.216831","贡献者历史合并率低（<30%）;所属仓库PR合并率低（<50%）;","0","1/1/2020 15:44:18"
"62","544326002","ray-project/ray","AmplabJenkins","0","0","1","0.0022301","0.99777","0.163126","贡献者历史合并率低（<30%）;所属仓库PR合并率低（<50%）;","0","1/1/2020 15:49:24"
"63","544302561","ray-project/ray","stephenxudong","0","0","1","0.000206497","0.999793","0.168106","贡献者历史合并率低（<30%）;所属仓库PR合并率低（<50%）;","0","1/1/2020 16:13:56"
"64","542717631","ant-design/ant-design","crazyair","0","0","1","0.00000553959","0.999995","0.169155","贡献者历史合并率低（<30%）;所属仓库PR合并率低（<50%）;","0","1/1/2020 16:20:44"
"65","542717631","ant-design/ant-design","crazyair","0","0","1","0.00000553959","0.999995","1.79442","贡献者历史合并率低（<30%）;所属仓库PR合并率低（<50%）;","0","1/1/2020 16:20:44"
"66","577574539","joomla/joomla-cms","Quy","0","0","1","0.00000586285","0.999994","2.59736","贡献者历史合并率低（<30%）;所属仓库PR合并率低（<50%）;","0","9/3/2020 11:07:09"
"67","358466180","sourcegraph/sourcegraph","sqs","1","0","1","0.00670486","0.993295","0.17983","无明确高风险原因;","0","1/1/2020 16:27:15"
"68","357627766","nextcloud/desktop","remijnj","0","0","1","0.00159267","0.998407","0.171523","贡献者历史合并率低（<30%）;","0","1/1/2020 17:20:59"
"69","544334162","uBlockOrigin/uAssets","gwarser","0","0","1","0.000403314","0.999597","0.166329","贡献者历史合并率低（<30%）;所属仓库PR合并率低（<50%）;","0","1/1/2020 17:33:34"
"70","544334162","uBlockOrigin/uAssets","gwarser","0","0","1","0.000403314","0.999597","1.87723","贡献者历史合并率低（<30%）;所属仓库PR合并率低（<50%）;","0","1/1/2020 17:33:34"
"71","385363128","void-linux/void-packages","renatoaguiar","0","0","1","0.0130743","0.986926","3.14558","贡献者历史合并率低（<30%）;","0","9/3/2020 11:08:32"
"72","491123682","rust-lang/rust","davidtwco","0","0","1","0.00031938","0.999681","3.10779","贡献者历史合并率低（<30%）;所属仓库PR合并率低（<50%）;","0","23/9/2020 19:07:59"
"73","544277948","NixOS/nixpkgs","FRidh","0","0","1","0.000392069","0.999608","0.169157","贡献者历史合并率低（<30%）;所属仓库PR合并率低（<50%）;","0","1/1/2020 17:36:25"
"74","544302414","laravel/framework","GrahamCampbell","0","0","1","0.00000552733","0.999995","0.189488","贡献者历史合并率低（<30%）;所属仓库PR合并率低（<50%）;","0","1/1/2020 17:44:11"
"75","544302414","laravel/framework","GrahamCampbell","0","0","1","0.00000552733","0.999995","2.54003","贡献者历史合并率低（<30%）;所属仓库PR合并率低（<50%）;","0","1/1/2020 17:44:11"
"76","358470911","qmk/qmk_firmware","fauxpark","0","0","1","0.000117964","0.999882","0.16538","贡献者历史合并率低（<30%）;所属仓库PR合并率低（<50%）;","0","1/1/2020 17:42:15"
"77","643492005","Azure/azure-sdk-for-java","mitchdenny","0","0","1","0.012777","0.987223","2.7279","所属仓库PR合并率低（<50%）;","0","23/6/2020 16:09:32"
"78","537778024","JuliaLang/julia","KristofferC","0","0","1","0.00150418","0.998496","0.167487","贡献者历史合并率低（<30%）;所属仓库PR合并率低（<50%）;","0","1/1/2020 17:57:32"
"79","643619251","JacksonKearl/testissues","vscode-triage-bot","0","0","1","0.000474994","0.999525","1.60196","贡献者历史合并率低（<30%）;所属仓库PR合并率低（<50%）;","0","23/6/2020 16:10:58"
"80","643616523","JacksonKearl/testissues","vscode-triage-bot","0","0","1","0.000474994","0.999525","1.60196","贡献者历史合并率低（<30%）;所属仓库PR合并率低（<50%）;","0","23/6/2020 16:11:00"
"81","639964757","Azure/azure-rest-api-specs","AutorestCI","0","0","1","0.00000552908","0.999995","3.14524","贡献者历史合并率低（<30%）;所属仓库PR合并率低（<50%）;","0","17/6/2020 04:52:46"
"82","494726414","demisto/content","Itay4","0","0","1","0.00366141","0.996339","2.94836","贡献者历史合并率低（<30%）;所属仓库PR合并率低（<50%）;","0","29/9/2020 19:05:44"
"83","711506157","elastic/kibana","elasticmachine","0","0","1","0.00174662","0.998253","1.71098","贡献者历史合并率低（<30%）;所属仓库PR合并率低（<50%）;","0","30/9/2020 06:29:58"
"84","577618168","CleverRaven/Cataclysm-DDA","LaVeyanFiend","0","0","1","0.000306706","0.999693","2.88452","贡献者历史合并率低（<30%）;所属仓库PR合并率低（<50%）;","0","9/3/2020 12:01:52"
"85","358472647","MicrosoftDocs/azure-docs","mzmaili","0","0","1","0.00227265","0.997727","0.168525","贡献者历史合并率低（<30%）;所属仓库PR合并率低（<50%）;","0","1/1/2020 18:00:56"
"86","385198842","home-assistant/frontend","balloob","0","0","1","0.000339295","0.999661","2.90476","贡献者历史合并率低（<30%）;所属仓库PR合并率低（<50%）;","0","8/3/2020 14:02:28"
"87","495302316","brave/brave-browser","ryanbr","0","0","1","0.000365482","0.999635","0.167584","贡献者历史合并率低（<30%）;所属仓库PR合并率低（<50%）;","0","1/1/2020 18:08:52"
"88","358474953","strapi/strapi","ejez","0","0","1","0.000452071","0.999548","0.165762","贡献者历史合并率低（<30%）;所属仓库PR合并率低（<50%）;","0","1/1/2020 18:33:32"
"89","357908083","nodejs/node","benjamingr","0","0","1","0.00174186","0.998258","0.164546","贡献者历史合并率低（<30%）;所属仓库PR合并率低（<50%）;","0","1/1/2020 18:34:53"
"90","357908083","nodejs/node","benjamingr","0","0","1","0.00174186","0.998258","2.65487","贡献者历史合并率低（<30%）;所属仓库PR合并率低（<50%）;","0","1/1/2020 18:34:53"
"91","544300722","mrdoob/three.js","Mugen87","0","0","1","0.000854335","0.999146","0.166506","贡献者历史合并率低（<30%）;","0","1/1/2020 18:44:46"
"92","711131621","NixOS/nixpkgs","worldofpeace","0","0","1","0.000374762","0.999625","1.79286","含bug标签;贡献者历史合并率低（<30%）;所属仓库PR合并率低（<50%）;","0","30/9/2020 06:45:28"
"93","637621542","Azure/azure-rest-api-specs","AutorestCI","0","0","1","0.000869215","0.999131","2.94133","贡献者历史合并率低（<30%）;所属仓库PR合并率低（<50%）;","0","12/6/2020 17:35:21"
"94","710978171","brave/brave-core","marshall","0","0","1","0.0000825375","0.999918","1.60212","贡献者历史合并率低（<30%）;所属仓库PR合并率低（<50%）;","0","30/9/2020 06:46:03"
"95","489676920","mlflow/mlflow","stale[bot]","0","0","1","0.00161715","0.998383","0.162731","含bug标签;贡献者历史合并率低（<30%）;所属仓库PR合并率低（<50%）;","0","1/1/2020 19:02:18"
"96","643626335","Azure/azure-sdk-for-java","ChenTanyi","0","0","1","0.0202809","0.979719","2.90712","无明确高风险原因;","0","23/6/2020 16:18:26"
"97","543304018","ankidroid/Anki-Android","timrae","0","0","1","0.00000566837","0.999994","0.163189","贡献者历史合并率低（<30%）;所属仓库PR合并率低（<50%）;","0","1/1/2020 19:21:07"
"98","357812324","openhab/openhab-addons","cweitkamp","0","0","0","0.335304","0.664696","0.164538",,"1","1/1/2020 19:21:13"
"99","637429078","Azure/azure-rest-api-specs","AutorestCI","0","0","1","0.000658785","0.999341","3.12234","贡献者历史合并率低（<30%）;所属仓库PR合并率低（<50%）;","0","12/6/2020 09:56:21"
"100","358480266","opencv/opencv","themechanicalcoder","0","0","1","0.00304019","0.99696","0.178195","贡献者历史合并率低（<30%）;所属仓库PR合并率低（<50%）;","0","1/1/2020 19:37:11"
"101","570294718","cockroachdb/cockroach","DuskEagle","0","0","1","0.000184763","0.999815","1.84204","贡献者历史合并率低（<30%）;所属仓库PR合并率低（<50%）;","0","9/3/2020 12:30:20"
"102","577648365","coolsnowwolf/lede","EnnawYang","0","0","1","0.00000554495","0.999994","3.14596","贡献者历史合并率低（<30%）;所属仓库PR合并率低（<50%）;","0","9/3/2020 12:33:27"
"103","495152842","dotnet/roslyn","Youssef1313","0","0","1","0.00741125","0.992589","2.63274","贡献者历史合并率低（<30%）;所属仓库PR合并率低（<50%）;","0","30/9/2020 06:35:33"
"104","358484482","rust-lang/rust","mental32","0","0","1","0.000746949","0.999253","2.7771","贡献者历史合并率低（<30%）;所属仓库PR合并率低（<50%）;","0","1/1/2020 20:38:32"
"105","542635772","uBlockOrigin/uAssets","gorhill","0","0","1","0.00000700575","0.999993","1.79231","贡献者历史合并率低（<30%）;所属仓库PR合并率低（<50%）;","0","2/1/2020 00:00:48"
"106","544352217","PowerShell/PowerShell","iSazonov","0","0","1","0.000952898","0.999047","2.70394","贡献者历史合并率低（<30%）;所属仓库PR合并率低（<50%）;","0","2/1/2020 00:07:26"
"107","642699575","microsoft/vscode","jrieken","0","0","1","0.00437216","0.995628","1.67389","贡献者历史合并率低（<30%）;所属仓库PR合并率低（<50%）;","0","22/6/2020 23:09:55"
"108","627602078","Azure/azure-rest-api-specs","AutorestCI","0","0","1","0.00000553987","0.999995","3.14579","贡献者历史合并率低（<30%）;所属仓库PR合并率低（<50%）;","0","30/5/2020 07:55:09"
"109","643371772","azerothcore/azerothcore-wotlk","tatense","0","0","1","0.000290405","0.99971","1.97295","贡献者历史合并率低（<30%）;所属仓库PR合并率低（<50%）;","0","23/6/2020 07:59:02"
"110","438412202","taosdata/TDengine","hjxilinx","0","0","1","0.0301388","0.969861","2.67953","无明确高风险原因;","0","23/6/2020 16:38:45"
"111","630417443","apache/beam","y1chi","0","0","1","0.00000566312","0.999994","2.03533","贡献者历史合并率低（<30%）;所属仓库PR合并率低（<50%）;","0","4/6/2020 08:25:07"
"112","543924459","ArduPilot/ardupilot","andyp1per","0","0","1","0.00000565733","0.999994","2.03262","贡献者历史合并率低（<30%）;所属仓库PR合并率低（<50%）;","0","2/1/2020 01:08:58"
"113","627749884","bitnami/charts","stale[bot]","0","0","1","0.000216209","0.999784","1.79179","贡献者历史合并率低（<30%）;所属仓库PR合并率低（<50%）;","0","20/6/2020 04:23:19"
"114","643565246","darktable-org/darktable","elstoc","0","0","1","0.00000560096","0.999994","1.84447","贡献者历史合并率低（<30%）;","0","23/6/2020 16:55:31"
"115","614514275","huggingface/transformers","patrickvonplaten","0","0","1","0.00000553533","0.999995","1.79396","贡献者历史合并率低（<30%）;所属仓库PR合并率低（<50%）;","0","11/5/2020 22:47:59"
"116","643660905","vitejs/vite","MarvinRudolph","0","0","1","0.00000552735","0.999995","1.94228","含bug标签;贡献者历史合并率低（<30%）;","0","23/6/2020 17:13:42"
"117","643422123","apache/arrow","github-actions[bot]","0","0","1","0.00000552292","0.999995","2.90253","贡献者历史合并率低（<30%）;所属仓库PR合并率低（<50%）;","0","23/6/2020 07:31:51"
"118","438134903","rust-lang/rust","estebank","0","0","1","0.000342837","0.999657","2.94462","贡献者历史合并率低（<30%）;所属仓库PR合并率低（<50%）;","0","23/6/2020 03:28:54"
"119","643679245","spyder-ide/spyder","spyder-bot","0","0","1","0.00144628","0.998554","1.80978","贡献者历史合并率低（<30%）;所属仓库PR合并率低（<50%）;","0","23/6/2020 17:26:23"
"120","643685885","microsoft/vscode","gjsjohnmurray","0","0","1","0.00307415","0.996926","1.60269","贡献者历史合并率低（<30%）;所属仓库PR合并率低（<50%）;","0","23/6/2020 17:45:23"
"121","643466280","microsoft/vscode","weinand","0","0","1","0.00000574811","0.999994","1.60129","贡献者历史合并率低（<30%）;所属仓库PR合并率低（<50%）;","0","23/6/2020 17:49:48"
"122","642227231","openvinotoolkit/openvino","AnastasiaKazantaeva","0","0","1","0.00000600599","0.999994","2.13419","贡献者历史合并率低（<30%）;所属仓库PR合并率低（<50%）;","0","23/6/2020 05:10:24"
"123","643704513","ray-project/ray","AmplabJenkins","0","0","1","0.0022301","0.99777","1.65568","贡献者历史合并率低（<30%）;所属仓库PR合并率低（<50%）;","0","23/6/2020 18:07:03"
"124","643686406","JacksonKearl/testissues","vscode-triage-bot","0","0","1","0.000474994","0.999525","1.60196","贡献者历史合并率低（<30%）;所属仓库PR合并率低（<50%）;","0","23/6/2020 18:10:06"
"125","643677095","JacksonKearl/testissues","vscode-triage-bot","0","0","1","0.000474994","0.999525","1.60196","贡献者历史合并率低（<30%）;所属仓库PR合并率低（<50%）;","0","23/6/2020 18:10:11"
"126","577423229","nodejs/node","rvagg","0","0","1","0.00000550267","0.999995","2.8203","贡献者历史合并率低（<30%）;所属仓库PR合并率低（<50%）;","0","9/3/2020 13:11:33"
"127","577529532","flutter/flutter","dnfield","0","0","1","0.000815044","0.999185","2.70243","贡献者历史合并率低（<30%）;所属仓库PR合并率低（<50%）;","0","9/3/2020 13:16:12"
"128","355611694","influxdata/telegraf","sarvi","0","0","1","0.000823063","0.999177","2.03262","贡献者历史合并率低（<30%）;所属仓库PR合并率低（<50%）;","0","25/2/2020 09:02:48"
"129","385432475","SerenityOS/serenity","shannonbooth","0","0","1","0.0214452","0.978555","2.71454","贡献者历史合并率低（<30%）;","0","9/3/2020 15:50:03"
"130","577110266","elastic/kibana","Dosant","0","0","1","0.00164609","0.998354","2.47971","贡献者历史合并率低（<30%）;所属仓库PR合并率低（<50%）;","0","9/3/2020 16:14:54"
"131","577528971","conda-forge/staged-recipes","ReimarBauer","0","0","1","0.000817773","0.999182","1.72387","贡献者历史合并率低（<30%）;所属仓库PR合并率低（<50%）;","0","9/3/2020 00:50:37"
"132","495526860","apache/spark","SparkQA","0","0","1","0.00000569941","0.999994","2.0289","贡献者历史合并率低（<30%）;所属仓库PR合并率低（<50%）;","0","12/2/2020 18:55:29"
"133","567551818","apache/spark","AmplabJenkins","0","0","1","0.00000564351","0.999994","2.03262","贡献者历史合并率低（<30%）;所属仓库PR合并率低（<50%）;","0","19/2/2020 21:01:37"
"134","577550726","joomla/joomla-cms","C-Lodder","0","0","1","0.00347905","0.996521","2.69172","贡献者历史合并率低（<30%）;所属仓库PR合并率低（<50%）;","0","9/3/2020 17:34:56"
"135","577600344","mlflow/mlflow","YeskendirK","0","0","1","0.0000853945","0.999915","2.4541","含bug标签;贡献者历史合并率低（<30%）;所属仓库PR合并率低（<50%）;","0","9/3/2020 17:47:39"
"136","385484317","tensorflow/tensorflow","jaketae","0","0","1","0.00420384","0.995796","2.44734","贡献者历史合并率低（<30%）;所属仓库PR合并率低（<50%）;","0","9/3/2020 17:51:07"
"137","465715421","microsoftgraph/microsoft-graph-docs","chinanderm","0","0","1","0.0000055985","0.999994","2.64821","贡献者历史合并率低（<30%）;","0","23/6/2020 18:14:17"
"138","438302783","neovim/neovim","teto","0","0","0","0.026151","0.973849","1.89286",,"1","23/6/2020 18:15:33"
"139","577309983","Regalis11/Barotrauma","Regalis11","0","0","1","0.000324821","0.999675","1.85841","贡献者历史合并率低（<30%）;所属仓库PR合并率低（<50%）;","0","9/3/2020 18:26:46"
"140","577789176","joomla/joomla-cms","wilsonge","0","0","1","0.00000597421","0.999994","2.50072","贡献者历史合并率低（<30%）;所属仓库PR合并率低（<50%）;","0","9/3/2020 18:36:18"
"141","566229801","apache/spark","cloud-fan","0","0","1","0.00000552216","0.999995","2.0326","贡献者历史合并率低（<30%）;所属仓库PR合并率低（<50%）;","0","17/2/2020 19:16:40"
"142","641290871","brave/brave-core","emerick","0","0","1","0.000319359","0.999681","1.83135","贡献者历史合并率低（<30%）;所属仓库PR合并率低（<50%）;","0","23/6/2020 18:18:04"
"143","437976138","nrfconnect/sdk-nrf","thebatfisk","0","0","1","0.000150233","0.99985","1.79689","贡献者历史合并率低（<30%）;所属仓库PR合并率低（<50%）;","0","23/6/2020 18:02:40"
"144","401499655","apache/flink","syucream","0","0","1","0.000332498","0.999668","1.60508","贡献者历史合并率低（<30%）;所属仓库PR合并率低（<50%）;","0","23/6/2020 18:39:03"
"145","438482912","rust-lang/rust","Anirban166","0","0","1","0.000128104","0.999872","3.14481","贡献者历史合并率低（<30%）;所属仓库PR合并率低（<50%）;","0","23/6/2020 18:41:32"
"146","385517510","void-linux/void-packages","mobinmob","0","0","1","0.0222175","0.977783","2.88472","贡献者历史合并率低（<30%）;","0","9/3/2020 19:00:54"
"147","563652640","rust-lang/rust","joelpalmer","0","0","1","0.000379269","0.999621","3.14353","贡献者历史合并率低（<30%）;所属仓库PR合并率低（<50%）;","0","9/3/2020 19:01:13"
"148","643128791","go-gitea/gitea","lunny","0","0","1","0.00000553205","0.999995","2.03262","贡献者历史合并率低（<30%）;所属仓库PR合并率低（<50%）;","0","23/6/2020 04:06:30"
"149","643734290","conan-io/conan-center-index","Croydon","0","0","1","0.00000575081","0.999994","1.60353","贡献者历史合并率低（<30%）;所属仓库PR合并率低（<50%）;","0","23/6/2020 19:06:26"
"150","438500480","rust-lang/rust","GuillaumeGomez","0","0","1","0.0105972","0.989403","2.70384","贡献者历史合并率低（<30%）;所属仓库PR合并率低（<50%）;","0","23/6/2020 19:15:17"
"151","643723906","jitsi/jitsi-meet","saghul","0","0","1","0.000382854","0.999617","1.77416","贡献者历史合并率低（<30%）;所属仓库PR合并率低（<50%）;","0","23/6/2020 19:19:07"
"152","643034049","Azure/azure-rest-api-specs","MyronFanQiu","0","0","1","0.00000556157","0.999994","3.14412","贡献者历史合并率低（<30%）;所属仓库PR合并率低（<50%）;","0","22/6/2020 20:33:50"
"153","441881232","xbmc/xbmc","phunkyfish","0","0","1","0.000325981","0.999674","2.89839","贡献者历史合并率低（<30%）;所属仓库PR合并率低（<50%）;","0","9/3/2020 19:26:02"
"154","385529159","PaddlePaddle/Paddle","chalsliu","0","0","1","0.023911","0.976089","2.39131","贡献者历史合并率低（<30%）;所属仓库PR合并率低（<50%）;","0","9/3/2020 19:27:51"
"155","637212823","qbittorrent/qBittorrent","xavier2k6","0","0","1","0.00000562498","0.999994","2.49597","贡献者历史合并率低（<30%）;所属仓库PR合并率低（<50%）;","0","23/6/2020 19:44:11"
"156","577837888","joomla/joomla-cms","wilsonge","0","0","1","0.00000591346","0.999994","2.51986","贡献者历史合并率低（<30%）;所属仓库PR合并率低（<50%）;","0","9/3/2020 19:34:22"
"157","643759059","microsoft/vscode","beratgashi","0","0","1","0.000154226","0.999846","1.60129","贡献者历史合并率低（<30%）;所属仓库PR合并率低（<50%）;","0","23/6/2020 19:46:39"
"158","577846688","kubernetes/website","jonayoung2003","0","0","1","0.000103049","0.999897","2.04947","贡献者历史合并率低（<30%）;所属仓库PR合并率低（<50%）;","0","9/3/2020 19:44:38"
"159","641839554","quarkusio/quarkus","cescoffier","0","0","1","0.000334614","0.999665","2.52611","含bug标签;贡献者历史合并率低（<30%）;所属仓库PR合并率低（<50%）;","0","23/6/2020 19:50:43"
"160","643202191","go-gitea/gitea","lafriks","0","0","1","0.000407628","0.999592","1.93631","贡献者历史合并率低（<30%）;所属仓库PR合并率低（<50%）;","0","23/6/2020 00:38:05"
"161","643775446","elastic/kibana","elasticmachine","0","0","1","0.00174662","0.998253","1.68217","贡献者历史合并率低（<30%）;所属仓库PR合并率低（<50%）;","0","23/6/2020 19:52:14"
"162","643713269","microsoft/vscode","yume-chan","0","0","1","0.00000587431","0.999994","1.60366","贡献者历史合并率低（<30%）;所属仓库PR合并率低（<50%）;","0","23/6/2020 19:56:30"
"163","438521133","dbeaver/dbeaver","SA357","0","0","1","0.0788786","0.921121","2.05755","贡献者历史合并率低（<30%）;","0","23/6/2020 19:56:38"
"164","425417254","rust-lang/rust","Manishearth","0","0","1","0.000210606","0.999789","3.10733","贡献者历史合并率低（<30%）;所属仓库PR合并率低（<50%）;","0","4/6/2020 09:52:59"
"165","383347382","PaddlePaddle/Paddle","chalsliu","0","0","1","0.0111065","0.988894","2.59142","贡献者历史合并率低（<30%）;所属仓库PR合并率低（<50%）;","0","4/3/2020 13:27:43"
"166","643722885","rails/rails","freiden","0","0","1","0.00010753","0.999892","1.60134","贡献者历史合并率低（<30%）;所属仓库PR合并率低（<50%）;","0","23/6/2020 20:09:06"
"167","385138253","openhab/openhab-addons","lolodomo","0","0","1","0.00348262","0.996517","2.59157","贡献者历史合并率低（<30%）;所属仓库PR合并率低（<50%）;","0","7/3/2020 20:04:37"
"168","577533249","RPCS3/rpcs3","kd-11","0","0","1","0.0011189","0.998881","2.71071","贡献者历史合并率低（<30%）;","0","9/3/2020 20:20:47"
"169","642483166","obsproject/obs-studio","jp9000","0","0","1","0.000326193","0.999674","1.79292","贡献者历史合并率低（<30%）;所属仓库PR合并率低（<50%）;","0","21/6/2020 11:51:20"
"170","577367427","rust-lang/rust","ayushmishra2005","0","0","1","0.000710647","0.999289","2.90946","贡献者历史合并率低（<30%）;所属仓库PR合并率低（<50%）;","0","8/3/2020 10:19:41"
"171","385250228","godotengine/godot","pouleyKetchoupp","0","0","1","0.000590671","0.999409","2.40305","贡献者历史合并率低（<30%）;所属仓库PR合并率低（<50%）;","0","8/3/2020 18:22:41"
"172","455798200","xbmc/xbmc","phunkyfish","0","0","1","0.000325981","0.999674","2.95373","贡献者历史合并率低（<30%）;所属仓库PR合并率低（<50%）;","0","9/3/2020 20:49:49"
"173","494317368","conda-forge/staged-recipes","scopatz","0","0","1","0.000317485","0.999683","2.03261","贡献者历史合并率低（<30%）;所属仓库PR合并率低（<50%）;","0","29/9/2020 23:52:35"
"174","643705042","neovim/neovim","teto","0","0","1","0.00166691","0.998333","2.03465","含bug标签;所属仓库PR合并率低（<50%）;","0","23/6/2020 20:37:20"
"175","495175487","sourcegraph/sourcegraph","tjkandala","0","0","1","0.0261173","0.973883","2.41053","贡献者历史合并率低（<30%）;所属仓库PR合并率低（<50%）;","0","30/9/2020 07:52:31"
"176","577896769","coolsnowwolf/lede","cyjay521","0","0","1","0.0000055585","0.999994","3.14593","贡献者历史合并率低（<30%）;所属仓库PR合并率低（<50%）;","0","9/3/2020 21:11:46"
"177","434028443","oppia/oppia","bansalnitish","0","0","1","0.000476052","0.999524","2.24533","贡献者历史合并率低（<30%）;所属仓库PR合并率低（<50%）;","0","21/6/2020 20:26:11"
"178","638192991","oppia/oppia","Hudda","0","0","1","0.00000553167","0.999995","2.55199","贡献者历史合并率低（<30%）;所属仓库PR合并率低（<50%）;","0","23/6/2020 20:46:53"
"179","542270929","NixOS/nixpkgs","NilsIrl","0","0","1","0.000232109","0.999768","2.85361","含bug标签;贡献者历史合并率低（<30%）;所属仓库PR合并率低（<50%）;","0","2/1/2020 03:03:00"
"180","643638284","darktable-org/darktable","TurboGit","0","0","1","0.00253862","0.997461","1.62292","含bug标签;","0","23/6/2020 20:58:49"
"181","384242158","ant-design/ant-design","zombieJ","0","0","1","0.000448439","0.999552","2.7935","贡献者历史合并率低（<30%）;所属仓库PR合并率低（<50%）;","0","8/3/2020 18:59:09"
"182","487761807","apache/airflow","stale[bot]","0","0","1","0.000747376","0.999253","1.82848","贡献者历史合并率低（<30%）;所属仓库PR合并率低（<50%）;","0","2/1/2020 03:33:59"
"183","569529597","rust-lang/rust","GuillaumeGomez","0","0","1","0.00000563147","0.999994","3.1438","贡献者历史合并率低（<30%）;所属仓库PR合并率低（<50%）;","0","3/3/2020 22:57:17"
"184","571343035","kubernetes/website","kvp-cs","0","0","1","0.000466673","0.999533","2.31794","贡献者历史合并率低（<30%）;所属仓库PR合并率低（<50%）;","0","28/2/2020 15:35:45"
"185","544302286","Homebrew/homebrew-core","chenrui333","0","0","1","0.00257103","0.997429","1.67362","贡献者历史合并率低（<30%）;所属仓库PR合并率低（<50%）;","0","2/1/2020 03:48:02"
"186","643772088","huggingface/transformers","mariusjohan","0","0","1","0.000118372","0.999882","1.60129","贡献者历史合并率低（<30%）;所属仓库PR合并率低（<50%）;","0","23/6/2020 21:09:30"
"187","641248029","mattermost/mattermost-webapp","mm-cloud-bot","0","0","1","0.000754609","0.999245","1.66581","贡献者历史合并率低（<30%）;所属仓库PR合并率低（<50%）;","0","23/6/2020 21:10:18"
"188","385605927","huggingface/transformers","patrickvonplaten","0","0","1","0.00053808","0.999462","2.09923","贡献者历史合并率低（<30%）;所属仓库PR合并率低（<50%）;","0","9/3/2020 22:01:14"
"189","643786537","JacksonKearl/testissues","vscode-triage-bot","0","0","1","0.000450435","0.99955","1.79169","贡献者历史合并率低（<30%）;所属仓库PR合并率低（<50%）;","0","23/6/2020 21:10:55"
"190","385606839","odoo/odoo","rgo-odoo","0","0","1","0.0143754","0.985625","2.9039","贡献者历史合并率低（<30%）;所属仓库PR合并率低（<50%）;","0","9/3/2020 22:02:58"
"191","358501760","joomla/joomla-cms","Quy","0","0","1","0.000609413","0.999391","2.64764","贡献者历史合并率低（<30%）;所属仓库PR合并率低（<50%）;","0","2/1/2020 04:44:56"
"192","544381105","ArduPilot/ardupilot","tridge","0","0","1","0.000371698","0.999628","2.47632","贡献者历史合并率低（<30%）;所属仓库PR合并率低（<50%）;","0","2/1/2020 04:58:26"
"193","711543060","rancher/rancher","ibuildthecloud","0","0","1","0.00982021","0.99018","2.27734","无明确高风险原因;","0","30/9/2020 08:10:28"
"194","385616396","denoland/deno","ry","0","0","1","0.00424058","0.995759","2.70645","所属仓库PR合并率低（<50%）;","0","9/3/2020 22:19:43"
"195","385550060","quarkusio/quarkus","gsmet","0","0","1","0.00175622","0.998244","2.71478","所属仓库PR合并率低（<50%）;","0","9/3/2020 20:19:22"
"196","544363428","laravel/framework","soly2014","0","0","1","0.000182212","0.999818","1.81864","贡献者历史合并率低（<30%）;所属仓库PR合并率低（<50%）;","0","2/1/2020 05:39:44"
"197","353833696","keycloak/keycloak","malmuzaini","0","0","1","0.000145738","0.999854","3.14598","贡献者历史合并率低（<30%）;","0","2/1/2020 05:37:55"
"198","438564524","angular/angular","gkalpak","0","0","1","0.0187422","0.981258","1.89683","贡献者历史合并率低（<30%）;所属仓库PR合并率低（<50%）;","0","23/6/2020 21:16:38"
"199","643834174","Azure/azure-rest-api-specs","AutorestCI","0","0","1","0.00315344","0.996846","2.45078","贡献者历史合并率低（<30%）;所属仓库PR合并率低（<50%）;","0","23/6/2020 21:17:36"
"200","495178750","rancher/rancher","dramich","0","0","1","0.00765524","0.992345","2.26186","贡献者历史合并率低（<30%）;","0","30/9/2020 08:17:57"
"201","495114310","Homebrew/homebrew-cask","core-code","0","0","0","0.00183523","0.998165","1.60453","贡献者历史合并率低（<30%）;","0","30/9/2020 05:28:06"
"202","567202703","matrix-org/synapse","clokep","0","0","1","0.00257118","0.997429","2.2204","贡献者历史合并率低（<30%）;所属仓库PR合并率低（<50%）;","0","9/3/2020 22:26:54"
"203","577907299","flutter/engine","skia-flutter-autoroll","0","0","1","0.000385384","0.999615","2.89416","贡献者历史合并率低（<30%）;所属仓库PR合并率低（<50%）;","0","9/3/2020 22:28:52"
"204","544347313","Homebrew/homebrew-cask","Stellarspace","0","0","1","0.000237753","0.999762","2.48987","贡献者历史合并率低（<30%）;","0","2/1/2020 06:10:54"
"205","385287073","denoland/deno","ry","0","0","1","0.000667963","0.999332","2.90633","所属仓库PR合并率低（<50%）;","0","9/3/2020 22:51:13"
"206","543356644","apache/airflow","tooptoop4","0","0","1","0.00000568091","0.999994","2.0323","贡献者历史合并率低（<30%）;所属仓库PR合并率低（<50%）;","0","2/1/2020 06:26:24"
"207","544401841","RPCS3/rpcs3","Baxusfox","0","0","1","0.000231156","0.999769","3.05391","贡献者历史合并率低（<30%）;","0","2/1/2020 07:08:07"
"208","577598296","cockroachdb/cockroach","pbardea","0","0","1","0.0003912","0.999609","2.42652","贡献者历史合并率低（<30%）;所属仓库PR合并率低（<50%）;","0","9/3/2020 23:00:51"
"209","340171827","bitcoin/bitcoin","fjahr","0","0","1","0.00288273","0.997117","1.83446","贡献者历史合并率低（<30%）;所属仓库PR合并率低（<50%）;","0","9/3/2020 23:02:50"
"210","358527483","rust-lang/rust","ollie27","0","0","1","0.00198718","0.998013","2.76231","贡献者历史合并率低（<30%）;所属仓库PR合并率低（<50%）;","0","2/1/2020 07:52:39"
"211","358528005","jlord/patchwork","bmark88","0","0","1","0.00340722","0.996593","2.57922","贡献者历史合并率低（<30%）;","0","2/1/2020 08:02:20"
"212","544398742","NixOS/nixpkgs","pbogdan","0","0","1","0.00000553391","0.999995","1.68399","含bug标签;贡献者历史合并率低（<30%）;所属仓库PR合并率低（<50%）;","0","2/1/2020 08:16:18"
"213","577988913","rust-lang/rust","Centril","0","0","1","0.000923692","0.999076","2.93031","贡献者历史合并率低（<30%）;所属仓库PR合并率低（<50%）;","0","9/3/2020 23:25:50"
"214","544405507","Homebrew/homebrew-core","chenrui333","0","0","1","0.00257103","0.997429","1.67362","贡献者历史合并率低（<30%）;所属仓库PR合并率低（<50%）;","0","2/1/2020 09:00:24"
"215","544420081","Automattic/wp-calypso","matticbot","0","0","1","0.00000555014","0.999994","1.88307","贡献者历史合并率低（<30%）;所属仓库PR合并率低（<50%）;","0","2/1/2020 09:22:04"
"216","577245677","apache/spark","AmplabJenkins","0","0","1","0.00000563568","0.999994","2.03262","贡献者历史合并率低（<30%）;所属仓库PR合并率低（<50%）;","0","7/3/2020 08:49:15"
"217","544417973","Homebrew/homebrew-core","chenrui333","0","0","1","0.00257103","0.997429","1.67362","贡献者历史合并率低（<30%）;所属仓库PR合并率低（<50%）;","0","2/1/2020 09:45:09"
"218","543014018","obsproject/obs-studio","Fenrirthviti","0","0","1","0.00000565543","0.999994","2.03222","贡献者历史合并率低（<30%）;所属仓库PR合并率低（<50%）;","0","2/1/2020 10:06:10"
"219","578018169","cilium/cilium","nebril","0","0","1","0.000427754","0.999572","2.71212","贡献者历史合并率低（<30%）;所属仓库PR合并率低（<50%）;","0","10/3/2020 00:06:15"
"220","491186384","Azure/azure-cli","arrownj","0","0","1","0.000823003","0.999177","1.70619","贡献者历史合并率低（<30%）;所属仓库PR合并率低（<50%）;","0","30/9/2020 08:38:59"
"221","358539918","MicrosoftDocs/azure-docs","andresnava","0","0","1","0.00625941","0.993741","2.98028","贡献者历史合并率低（<30%）;所属仓库PR合并率低（<50%）;","0","2/1/2020 10:49:25"
"222","358540187","openshift/release","hongkailiu","0","0","1","0.00471191","0.995288","2.71301","贡献者历史合并率低（<30%）;所属仓库PR合并率低（<50%）;","0","2/1/2020 10:52:24"
"223","495189963","openshift/release","johnbieren","0","0","1","0.00811831","0.991882","1.97082","贡献者历史合并率低（<30%）;所属仓库PR合并率低（<50%）;","0","30/9/2020 08:48:33"
"224","360839412","openwrt/openwrt","adrianschmutzler","0","0","1","0.00382147","0.996179","1.95961","贡献者历史合并率低（<30%）;所属仓库PR合并率低（<50%）;","0","16/1/2020 05:30:12"
"225","438156559","quarkusio/quarkus","patriot1burke","0","0","0","0.00203706","0.997963","2.68956","贡献者历史合并率低（<30%）;所属仓库PR合并率低（<50%）;","0","23/6/2020 04:20:03"
"226","643412653","vitejs/vite","yyx990803","0","0","1","0.000562123","0.999438","1.81496","含bug标签;","0","23/6/2020 21:37:46"
"227","358541057","Azure/azure-cli","azclibot","0","0","1","0.00558828","0.994412","2.90514","贡献者历史合并率低（<30%）;所属仓库PR合并率低（<50%）;","0","2/1/2020 11:01:36"
"228","643800384","elastic/elasticsearch","bpintea","0","0","1","0.00000557181","0.999994","2.03373","贡献者历史合并率低（<30%）;所属仓库PR合并率低（<50%）;","0","23/6/2020 21:42:23"
"229","370635085","home-assistant/frontend","balloob","0","0","1","0.000171445","0.999829","3.14331","贡献者历史合并率低（<30%）;所属仓库PR合并率低（<50%）;","0","10/3/2020 00:28:01"
"230","385690433","flutter/engine","yjbanov","0","0","1","0.00300257","0.996997","2.70151","贡献者历史合并率低（<30%）;所属仓库PR合并率低（<50%）;","0","10/3/2020 00:32:34"
"231","539947844","solana-labs/solana","rob-solana","0","0","1","0.000316876","0.999683","2.90599","贡献者历史合并率低（<30%）;所属仓库PR合并率低（<50%）;","0","2/1/2020 13:00:02"
"232","358556902","qmk/qmk_firmware","awkannan","0","0","1","0.000170301","0.99983","3.14594","贡献者历史合并率低（<30%）;所属仓库PR合并率低（<50%）;","0","2/1/2020 13:31:11"
"233","544382952","ray-project/ray","ericl","0","0","1","0.00000552919","0.999995","2.03274","贡献者历史合并率低（<30%）;所属仓库PR合并率低（<50%）;","0","2/1/2020 13:34:52"
"234","577976376","flutter/flutter","VarmaTech","0","0","1","0.000117147","0.999883","2.60977","贡献者历史合并率低（<30%）;所属仓库PR合并率低（<50%）;","0","10/3/2020 00:53:44"
"235","544455020","apache/arrow","github-actions[bot]","0","0","1","0.00119849","0.998801","2.24089","贡献者历史合并率低（<30%）;所属仓库PR合并率低（<50%）;","0","2/1/2020 14:01:37"
"236","438592476","quarkusio/quarkus","zakkak","0","0","1","0.0040462","0.995954","1.90018","贡献者历史合并率低（<30%）;所属仓库PR合并率低（<50%）;","0","23/6/2020 22:01:36"
"237","643846625","pytorch/pytorch","peterjc123","0","0","1","0.00000577412","0.999994","2.37984","贡献者历史合并率低（<30%）;所属仓库PR合并率低（<50%）;","0","23/6/2020 22:03:31"
"238","358529539","nodejs/node","tavisca-vraut","0","0","1","0.000335687","0.999664","3.14044","贡献者历史合并率低（<30%）;所属仓库PR合并率低（<50%）;","0","2/1/2020 14:44:20"
"239","376792262","bitcoin/bitcoin","MarcoFalke","0","0","1","0.000418134","0.999582","2.89634","贡献者历史合并率低（<30%）;所属仓库PR合并率低（<50%）;","0","8/3/2020 06:20:46"
"240","641363019","mattermost/mattermost-webapp","Willyfrog","0","0","1","0.00000553255","0.999995","1.95574","贡献者历史合并率低（<30%）;所属仓库PR合并率低（<50%）;","0","23/6/2020 22:06:01"
"241","385685394","RPCS3/rpcs3","Nekotekina","0","0","1","0.000299639","0.9997","3.14565","无明确高风险原因;","0","10/3/2020 00:22:46"
"242","383104822","demisto/content","nathanhunstad","0","0","1","0.000166036","0.999834","2.96385","贡献者历史合并率低（<30%）;所属仓库PR合并率低（<50%）;","0","10/3/2020 01:06:55"
"243","643890792","rancher/rancher","DH-Rancher","0","0","1","0.000471514","0.999529","1.72278","贡献者历史合并率低（<30%）;","0","23/6/2020 22:29:47"
"244","438534255","openshift/openshift-docs","dmage","0","0","1","0.00356114","0.996439","2.72981","贡献者历史合并率低（<30%）;所属仓库PR合并率低（<50%）;","0","23/6/2020 20:21:59"
"245","544469698","apache/arrow","github-actions[bot]","0","0","1","0.00119849","0.998801","2.24089","贡献者历史合并率低（<30%）;所属仓库PR合并率低（<50%）;","0","2/1/2020 15:19:18"
"246","385711774","void-linux/void-packages","zdykstra","0","0","1","0.017573","0.982427","2.94711","贡献者历史合并率低（<30%）;","0","10/3/2020 01:13:13"
"247","544455737","strapi/strapi","TusharManohar","0","0","1","0.0000970546","0.999903","2.98305","贡献者历史合并率低（<30%）;所属仓库PR合并率低（<50%）;","0","2/1/2020 14:38:41"
"248","576958199","mlflow/mlflow","jdlesage","0","0","1","0.00000554707","0.999994","2.98191","贡献者历史合并率低（<30%）;所属仓库PR合并率低（<50%）;","0","10/3/2020 01:18:32"
"249","544438424","laravel/framework","jmarcher","0","0","1","0.00000552597","0.999995","1.90035","贡献者历史合并率低（<30%）;所属仓库PR合并率低（<50%）;","0","2/1/2020 15:33:18"
"250","385715450","void-linux/void-packages","zdykstra","0","0","1","0.0174292","0.982571","2.94711","贡献者历史合并率低（<30%）;","0","10/3/2020 01:20:07"
"251","355546054","open-mmlab/mmdetection","hellock","0","0","0","0.40279","0.597211","2.7146",,"1","2/1/2020 16:05:43"
"252","385720377","void-linux/void-packages","zdykstra","0","0","1","0.0172864","0.982714","2.94713","贡献者历史合并率低（<30%）;","0","10/3/2020 01:29:45"
"253","385723953","void-linux/void-packages","zdykstra","0","0","1","0.0174292","0.982571","2.94711","贡献者历史合并率低（<30%）;","0","10/3/2020 01:37:21"
"254","385724553","demisto/content","amshamah419","0","0","1","0.00203461","0.997965","2.0683","贡献者历史合并率低（<30%）;所属仓库PR合并率低（<50%）;","0","10/3/2020 01:42:43"
"255","636138652","gatsbyjs/gatsby","mrmartineau","0","0","1","0.000224074","0.999776","1.79176","贡献者历史合并率低（<30%）;所属仓库PR合并率低（<50%）;","0","23/6/2020 22:38:21"
"256","544213451","scikit-learn/scikit-learn","ogrisel","0","0","1","0.00103182","0.998968","2.55895","贡献者历史合并率低（<30%）;所属仓库PR合并率低（<50%）;","0","2/1/2020 17:01:55"
"257","438618284","quarkusio/quarkus","aloubyansky","0","0","1","0.0484704","0.95153","2.54946","贡献者历史合并率低（<30%）;所属仓库PR合并率低（<50%）;","0","23/6/2020 22:41:01"
"258","479614802","mrdoob/three.js","mrdoob","0","0","1","0.00000552621","0.999995","2.89955","无明确高风险原因;","0","2/1/2020 17:04:59"
"259","544498783","scikit-learn/scikit-learn","ogrisel","0","0","1","0.00103182","0.998968","2.55895","贡献者历史合并率低（<30%）;所属仓库PR合并率低（<50%）;","0","2/1/2020 17:25:36"
"260","641873355","elastic/elasticsearch","elasticmachine","0","0","1","0.000387295","0.999613","1.79269","贡献者历史合并率低（<30%）;所属仓库PR合并率低（<50%）;","0","23/6/2020 22:44:42"
"261","643898178","microsoft/vscode","gjsjohnmurray","0","0","1","0.00307415","0.996926","1.60269","贡献者历史合并率低（<30%）;所属仓库PR合并率低（<50%）;","0","23/6/2020 22:45:23"
"262","544255052","scikit-learn/scikit-learn","ogrisel","0","0","1","0.00103182","0.998968","2.55895","贡献者历史合并率低（<30%）;所属仓库PR合并率低（<50%）;","0","2/1/2020 17:40:35"
"263","578079268","flutter/flutter","jonahwilliams","0","0","1","0.000745672","0.999254","2.71581","贡献者历史合并率低（<30%）;所属仓库PR合并率低（<50%）;","0","10/3/2020 01:56:09"
"264","437620630","openshift/openshift-docs","jboxman","0","0","1","0.00159692","0.998403","3.01186","所属仓库PR合并率低（<50%）;","0","22/6/2020 08:10:34"
"265","438622022","quarkusio/quarkus","geoand","0","0","1","0.136076","0.863924","2.4062","贡献者历史合并率低（<30%）;所属仓库PR合并率低（<50%）;","0","23/6/2020 22:46:56"
"266","577730109","kubernetes/website","sftim","0","0","1","0.00061155","0.999388","2.68623","贡献者历史合并率低（<30%）;所属仓库PR合并率低（<50%）;","0","10/3/2020 02:04:06"
"267","544520967","MicrosoftDocs/microsoft-365-docs","joinimran","0","0","1","0.00000560334","0.999994","3.08452","贡献者历史合并率低（<30%）;","0","2/1/2020 18:21:54"
"268","517703410","xbmc/xbmc","phunkyfish","0","0","1","0.000325981","0.999674","2.23176","贡献者历史合并率低（<30%）;所属仓库PR合并率低（<50%）;","0","10/3/2020 02:08:30"
"269","577262879","conda-forge/staged-recipes","scopatz","0","0","1","0.00213936","0.997861","2.81819","贡献者历史合并率低（<30%）;所属仓库PR合并率低（<50%）;","0","10/3/2020 02:16:04"
"270","544225059","PrestaShop/PrestaShop","khouloudbelguith","0","0","1","0.000346355","0.999654","2.83833","贡献者历史合并率低（<30%）;所属仓库PR合并率低（<50%）;","0","2/1/2020 18:36:04"
"271","544529482","grafana/grafana","Dieterbe","0","0","1","0.00000562501","0.999994","2.03294","贡献者历史合并率低（<30%）;所属仓库PR合并率低（<50%）;","0","2/1/2020 18:49:46"
"272","475204979","xbmc/xbmc","janbar","0","0","1","0.0000821508","0.999918","1.79311","贡献者历史合并率低（<30%）;所属仓库PR合并率低（<50%）;","0","10/3/2020 02:18:12"
"273","544531262","brave/brave-browser","luxintra","0","0","1","0.00000557146","0.999994","2.03262","贡献者历史合并率低（<30%）;所属仓库PR合并率低（<50%）;","0","2/1/2020 18:55:35"
"274","643720601","apache/flink","wuchong","0","0","1","0.00237856","0.997621","2.26632","贡献者历史合并率低（<30%）;所属仓库PR合并率低（<50%）;","0","23/6/2020 23:00:54"
"275","639979190","Azure/azure-rest-api-specs","AutorestCI","0","0","1","0.0000055271","0.999995","3.0386","贡献者历史合并率低（<30%）;所属仓库PR合并率低（<50%）;","0","17/6/2020 05:19:54"
"276","544248162","PrestaShop/PrestaShop","khouloudbelguith","0","0","1","0.000346355","0.999654","2.83833","贡献者历史合并率低（<30%）;所属仓库PR合并率低（<50%）;","0","2/1/2020 19:27:50"
"277","544240085","ray-project/ray","ujvl","0","0","1","0.000399258","0.999601","2.90883","贡献者历史合并率低（<30%）;所属仓库PR合并率低（<50%）;","0","2/1/2020 19:27:50"
"278","643795493","pytorch/pytorch","ydaiming","0","0","1","0.00000779699","0.999992","1.61351","贡献者历史合并率低（<30%）;所属仓库PR合并率低（<50%）;","0","23/6/2020 23:04:18"
"279","495070439","Azure/azure-rest-api-specs","weidongxu-microsoft","0","0","1","0.00546428","0.994536","2.90543","贡献者历史合并率低（<30%）;所属仓库PR合并率低（<50%）;","0","30/9/2020 09:45:31"
"280","711557774","neovim/neovim","kyle-mccarthy","0","0","1","0.000143979","0.999856","1.60151","含bug标签;贡献者历史合并率低（<30%）;所属仓库PR合并率低（<50%）;","0","30/9/2020 09:45:37"
"281","494928406","ant-design/ant-design","zombieJ","0","0","1","0.000234419","0.999766","2.03262","贡献者历史合并率低（<30%）;所属仓库PR合并率低（<50%）;","0","30/9/2020 09:46:58"
"282","495162336","dotnet/roslyn","AlekseyTs","0","0","1","0.00717162","0.992828","2.53816","贡献者历史合并率低（<30%）;所属仓库PR合并率低（<50%）;","0","30/9/2020 09:47:03"
"283","495182160","dotnet/roslyn","CyrusNajmabadi","0","0","1","0.00566041","0.99434","2.02611","贡献者历史合并率低（<30%）;所属仓库PR合并率低（<50%）;","0","30/9/2020 09:49:04"
"284","494151895","nrwl/nx","FrozenPandaz","0","0","1","0.000335412","0.999665","2.86522","所属仓库PR合并率低（<50%）;","0","28/9/2020 23:05:18"
"285","574749318","envoyproxy/envoy","stale[bot]","0","0","1","0.00000552754","0.999995","1.78743","贡献者历史合并率低（<30%）;所属仓库PR合并率低（<50%）;","0","10/3/2020 02:40:47"
"286","495148267","yuzu-emu/yuzu","lioncash","0","0","1","0.00221312","0.997787","2.68159","贡献者历史合并率低（<30%）;所属仓库PR合并率低（<50%）;","0","30/9/2020 10:41:25"
"287","577241409","cockroachdb/cockroach","yuzefovich","0","0","1","0.000365972","0.999634","2.4866","贡献者历史合并率低（<30%）;所属仓库PR合并率低（<50%）;","0","10/3/2020 02:48:28"
"288","358639241","openshift/release","vrutkovs","0","0","1","0.00689469","0.993105","2.64904","贡献者历史合并率低（<30%）;所属仓库PR合并率低（<50%）;","0","2/1/2020 20:11:15"
"289","535452935","laravel/framework","driesvints","0","0","1","0.000962537","0.999038","2.65184","贡献者历史合并率低（<30%）;所属仓库PR合并率低（<50%）;","0","2/1/2020 20:16:42"
"290","495218920","Homebrew/homebrew-cask","BrewTestBot","0","0","1","0.00189349","0.998106","1.60133","无明确高风险原因;","0","30/9/2020 10:56:01"
"291","574962265","cockroachdb/cockroach","otan","0","0","1","0.00045355","0.999546","1.8047","贡献者历史合并率低（<30%）;所属仓库PR合并率低（<50%）;","0","6/3/2020 09:05:28"
"292","495221707","openshift/release","ldpliu","0","0","1","0.00209572","0.997904","1.98569","贡献者历史合并率低（<30%）;所属仓库PR合并率低（<50%）;","0","30/9/2020 11:04:52"
"293","711597674","NixOS/nixpkgs","marsam","0","0","1","0.000375628","0.999624","1.60219","贡献者历史合并率低（<30%）;所属仓库PR合并率低（<50%）;","0","30/9/2020 11:11:16"
"294","643934477","dotnet/runtime","Dotnet-GitSync-Bot","0","0","1","0.00000552367","0.999995","1.79224","贡献者历史合并率低（<30%）;所属仓库PR合并率低（<50%）;","0","23/6/2020 23:23:52"
"295","544568193","ray-project/ray","AmplabJenkins","0","0","1","0.00000596231","0.999994","2.03183","贡献者历史合并率低（<30%）;所属仓库PR合并率低（<50%）;","0","2/1/2020 20:59:20"
"296","544506631","apache/airflow","turbaszek","0","0","1","0.00000552583","0.999995","1.79833","贡献者历史合并率低（<30%）;所属仓库PR合并率低（<50%）;","0","2/1/2020 22:02:49"
"297","544590523","mrdoob/three.js","mrdoob","0","0","1","0.000832056","0.999168","2.85468","无明确高风险原因;","0","2/1/2020 22:06:18"
"298","643933633","apache/arrow","github-actions[bot]","0","0","1","0.00000571711","0.999994","2.31887","贡献者历史合并率低（<30%）;所属仓库PR合并率低（<50%）;","0","23/6/2020 23:31:35"
"299","438652366","odoo/odoo","fw-bot","0","0","1","0.0399443","0.960056","1.91897","贡献者历史合并率低（<30%）;所属仓库PR合并率低（<50%）;","0","23/6/2020 23:34:34"
"300","638403453","DefinitelyTyped/DefinitelyTyped","elibarzilay","0","0","1","0.00000591578","0.999994","3.14595","无明确高风险原因;","0","23/6/2020 23:35:40"
"301","543659538","scikit-learn/scikit-learn","glemaitre","0","0","1","0.00000564246","0.999994","2.54275","贡献者历史合并率低（<30%）;所属仓库PR合并率低（<50%）;","0","2/1/2020 22:47:56"
"302","642752313","go-gitea/gitea","ElXreno","0","0","1","0.00025983","0.99974","2.03213","贡献者历史合并率低（<30%）;所属仓库PR合并率低（<50%）;","0","22/6/2020 23:18:33"
"303","494574842","apache/apisix","tokers","0","0","1","0.000694658","0.999305","1.60264","贡献者历史合并率低（<30%）;所属仓库PR合并率低（<50%）;","0","30/9/2020 11:37:00"
"304","544222994","strapi/strapi","jozefcipa","0","0","1","0.000321922","0.999678","2.6855","贡献者历史合并率低（<30%）;所属仓库PR合并率低（<50%）;","0","2/1/2020 22:56:35"
"305","636954307","DefinitelyTyped/DefinitelyTyped","elibarzilay","0","0","1","0.00000554471","0.999994","2.02461","无明确高风险原因;","0","23/6/2020 23:39:32"
"306","541982053","macports/macports-ports","jkbullard","0","0","1","0.00000553514","0.999995","1.85649","贡献者历史合并率低（<30%）;所属仓库PR合并率低（<50%）;","0","2/1/2020 23:30:09"
"307","643950007","elastic/kibana","elasticmachine","0","0","1","0.00174662","0.998253","1.68217","贡献者历史合并率低（<30%）;所属仓库PR合并率低（<50%）;","0","23/6/2020 23:45:03"
"308","437549038","pytorch/pytorch","kshitij12345","0","0","1","0.0015596","0.99844","1.79483","贡献者历史合并率低（<30%）;所属仓库PR合并率低（<50%）;","0","21/6/2020 21:58:30"
"309","629523673","huggingface/transformers","patrickvonplaten","0","0","1","0.000446006","0.999554","1.7924","贡献者历史合并率低（<30%）;所属仓库PR合并率低（<50%）;","0","3/6/2020 17:10:42"
"310","544632103","JuliaLang/julia","fredrikekre","0","0","1","0.00178241","0.998218","2.67202","所属仓库PR合并率低（<50%）;","0","2/1/2020 23:52:08"
"311","358705570","MicrosoftDocs/azure-docs","NextTurn","0","0","1","0.00397131","0.996029","2.94742","贡献者历史合并率低（<30%）;所属仓库PR合并率低（<50%）;","0","2/1/2020 23:57:21"
"312","358705968","MicrosoftDocs/azure-docs","NextTurn","0","0","1","0.00397131","0.996029","2.94742","贡献者历史合并率低（<30%）;所属仓库PR合并率低（<50%）;","0","2/1/2020 23:58:32"
"313","643466812","dotnet/runtime","AaronRobinsonMSFT","0","0","1","0.000304397","0.999696","2.0325","贡献者历史合并率低（<30%）;所属仓库PR合并率低（<50%）;","0","23/6/2020 12:23:23"
"314","358706150","MicrosoftDocs/azure-docs","NextTurn","0","0","1","0.00397131","0.996029","2.94742","贡献者历史合并率低（<30%）;所属仓库PR合并率低（<50%）;","0","2/1/2020 23:59:07"
"315","544382330","JetBrains/swot","philipto","0","0","1","0.00798479","0.992015","2.72318","无明确高风险原因;","0","3/1/2020 00:06:46"
"316","635854095","DefinitelyTyped/DefinitelyTyped","elibarzilay","0","0","1","0.000786379","0.999214","2.64748","无明确高风险原因;","0","23/6/2020 23:55:57"
"317","385364263","angular/components","crisbeto","0","0","1","0.000810513","0.999189","2.71244","贡献者历史合并率低（<30%）;所属仓库PR合并率低（<50%）;","0","10/3/2020 03:00:01"
"318","578128993","apache/spark","SparkQA","0","0","1","0.00000571991","0.999994","2.03262","贡献者历史合并率低（<30%）;所属仓库PR合并率低（<50%）;","0","10/3/2020 03:14:58"
"319","578132681","RPCS3/rpcs3","elad335","0","0","1","0.00000580471","0.999994","2.70877","贡献者历史合并率低（<30%）;","0","10/3/2020 03:17:30"
"320","383769957","pytorch/pytorch","resistor","0","0","1","0.00158633","0.998414","2.80521","贡献者历史合并率低（<30%）;所属仓库PR合并率低（<50%）;","0","10/3/2020 03:30:38"
"321","577992101","joomla/joomla-cms","brianteeman","0","0","1","0.00408255","0.995917","2.27295","贡献者历史合并率低（<30%）;所属仓库PR合并率低（<50%）;","0","10/3/2020 03:41:36"
"322","385786504","bitcoin/bitcoin","jonatack","0","0","1","0.00682257","0.993177","1.91802","贡献者历史合并率低（<30%）;所属仓库PR合并率低（<50%）;","0","10/3/2020 03:52:52"
"323","277031228","nextcloud/server","noci2012","0","0","1","0.00000613986","0.999994","1.88532","贡献者历史合并率低（<30%）;所属仓库PR合并率低（<50%）;","0","10/3/2020 03:53:56"
"324","385455362","dotnet/roslyn","CyrusNajmabadi","0","0","1","0.0070641","0.992936","2.62042","贡献者历史合并率低（<30%）;所属仓库PR合并率低（<50%）;","0","9/3/2020 16:48:47"
"325","495235305","DefinitelyTyped/DefinitelyTyped","tbenade","0","0","1","0.000275209","0.999725","1.60332","贡献者历史合并率低（<30%）;所属仓库PR合并率低（<50%）;","0","30/9/2020 11:58:03"
"326","711606923","huggingface/transformers","patil-suraj","0","0","1","0.00000552977","0.999995","1.62114","贡献者历史合并率低（<30%）;所属仓库PR合并率低（<50%）;","0","30/9/2020 11:39:29"
"327","495057961","renovatebot/renovate","zharinov","0","0","1","0.00037433","0.999626","2.88141","贡献者历史合并率低（<30%）;所属仓库PR合并率低（<50%）;","0","30/9/2020 03:37:56"
"328","495230335","airbytehq/airbyte","sherifnada","0","0","1","0.000435269","0.999565","1.79212","贡献者历史合并率低（<30%）;所属仓库PR合并率低（<50%）;","0","30/9/2020 12:50:51"
"329","492101399","php/php-src","nikic","0","0","1","0.00394799","0.996052","2.55824","贡献者历史合并率低（<30%）;所属仓库PR合并率低（<50%）;","0","30/9/2020 12:56:59"
"330","711629130","NixOS/nixpkgs","lopsided98","0","0","1","0.000289178","0.999711","1.6023","贡献者历史合并率低（<30%）;所属仓库PR合并率低（<50%）;","0","30/9/2020 12:59:25"
"331","709800964","redis/redis","nykolaslima","0","0","1","0.000102951","0.999897","1.79219","贡献者历史合并率低（<30%）;所属仓库PR合并率低（<50%）;","0","30/9/2020 02:44:26"
"332","495262080","huggingface/transformers","sshleifer","0","0","1","0.00391368","0.996086","1.79476","贡献者历史合并率低（<30%）;所属仓库PR合并率低（<50%）;","0","30/9/2020 13:34:19"
"333","324845642","Azure/azure-sdk-for-python","lmazuel","0","0","0","0.318822","0.681178","2.70941",,"1","3/1/2020 00:52:34"
"334","535524931","Homebrew/homebrew-core","stale[bot]","0","0","1","0.00197614","0.998024","1.85897","贡献者历史合并率低（<30%）;所属仓库PR合并率低（<50%）;","0","3/1/2020 01:05:17"
"335","518125733","Homebrew/homebrew-core","stale[bot]","0","0","1","0.00197614","0.998024","1.85897","贡献者历史合并率低（<30%）;所属仓库PR合并率低（<50%）;","0","3/1/2020 01:05:25"
"336","523878465","Homebrew/homebrew-core","stale[bot]","0","0","1","0.00000556186","0.999994","1.79254","贡献者历史合并率低（<30%）;所属仓库PR合并率低（<50%）;","0","3/1/2020 01:05:29"
"337","519890782","Homebrew/homebrew-core","stale[bot]","0","0","1","0.00197614","0.998024","1.85897","贡献者历史合并率低（<30%）;所属仓库PR合并率低（<50%）;","0","3/1/2020 01:05:30"
"338","297741143","microsoftgraph/microsoft-graph-docs","akumar39","0","0","1","0.00184583","0.998154","2.87907","贡献者历史合并率低（<30%）;","0","10/3/2020 04:13:50"
"339","522582831","Homebrew/homebrew-core","stale[bot]","0","0","1","0.00197614","0.998024","1.85897","贡献者历史合并率低（<30%）;所属仓库PR合并率低（<50%）;","0","3/1/2020 01:06:08"
"340","643948106","JacksonKearl/testissues","vscode-triage-bot","0","0","1","0.000474993","0.999525","1.60196","贡献者历史合并率低（<30%）;所属仓库PR合并率低（<50%）;","0","24/6/2020 00:11:10"
"341","358728711","argoproj/argo-cd","alexmt","0","0","1","0.00170185","0.998298","2.63923","无明确高风险原因;","0","3/1/2020 01:10:51"
"342","448692247","mlflow/mlflow","stale[bot]","0","0","1","0.00161715","0.998383","2.84485","贡献者历史合并率低（<30%）;所属仓库PR合并率低（<50%）;","0","3/1/2020 01:31:57"
"343","361670413","aws-amplify/amplify-cli","ammarkarachi","0","0","1","0.000580293","0.99942","2.69773","贡献者历史合并率低（<30%）;所属仓库PR合并率低（<50%）;","0","10/3/2020 04:17:38"
"344","494921940","IntelRealSense/librealsense","ev-mp","0","0","1","0.0101335","0.989866","2.83418","所属仓库PR合并率低（<50%）;","0","30/9/2020 00:56:58"
"345","578146547","joomla/joomla-cms","jwaisner","0","0","1","0.00000553498","0.999995","2.96168","贡献者历史合并率低（<30%）;所属仓库PR合并率低（<50%）;","0","10/3/2020 04:26:34"
"346","578137326","flutter/engine","skia-flutter-autoroll","0","0","1","0.000385384","0.999615","2.89416","贡献者历史合并率低（<30%）;所属仓库PR合并率低（<50%）;","0","10/3/2020 04:28:17"
"347","358740659","Azure/azure-sdk-for-java","g2vinay","0","0","1","0.130278","0.869722","2.71454","所属仓库PR合并率低（<50%）;","0","3/1/2020 01:53:14"
"348","544434386","laravel/framework","ishendyweb","0","0","1","0.00000554251","0.999995","2.03262","贡献者历史合并率低（<30%）;所属仓库PR合并率低（<50%）;","0","3/1/2020 02:02:08"
"349","710804328","apache/spark","SparkQA","0","0","1","0.0000056199","0.999994","2.03262","贡献者历史合并率低（<30%）;所属仓库PR合并率低（<50%）;","0","29/9/2020 14:49:55"
"350","542290218","ArduPilot/ardupilot","rishabsingh3003","0","0","1","0.000367096","0.999633","2.81971","贡献者历史合并率低（<30%）;所属仓库PR合并率低（<50%）;","0","3/1/2020 02:14:41"
"351","544692782","trustwallet/assets","kolya182","0","0","1","0.00000636496","0.999994","3.14647","无明确高风险原因;","0","3/1/2020 02:31:23"
"352","543266509","JuliaLang/julia","JeffBezanson","0","0","1","0.00213943","0.997861","2.69941","所属仓库PR合并率低（<50%）;","0","3/1/2020 02:35:05"
"353","495277618","yuzu-emu/yuzu","Morph1984","0","0","1","0.00163537","0.998365","2.69281","贡献者历史合并率低（<30%）;所属仓库PR合并率低（<50%）;","0","30/9/2020 14:34:11"
"354","358756422","Azure/azure-sdk-for-python","rakshith91","17","1","1","0.00594793","0.994052","2.0749","无明确高风险原因;","0","3/1/2020 02:51:28"
"355","544692888","mrdoob/three.js","mrdoob","0","0","1","0.000832056","0.999168","2.85468","无明确高风险原因;","0","3/1/2020 02:52:03"
"356","567212946","cockroachdb/cockroach","rohany","0","0","1","0.00000553404","0.999995","2.03262","贡献者历史合并率低（<30%）;所属仓库PR合并率低（<50%）;","0","20/2/2020 02:56:31"
"357","494144436","demisto/content","Itay4","0","0","1","0.005318","0.994682","2.68698","贡献者历史合并率低（<30%）;所属仓库PR合并率低（<50%）;","0","30/9/2020 14:52:24"
"358","495294928","lensapp/lens","jakolehm","0","0","1","0.00108249","0.998918","2.69742","所属仓库PR合并率低（<50%）;","0","30/9/2020 14:52:58"
"359","358764748","SerenityOS/serenity","jcs","0","0","1","0.0867169","0.913283","2.71429","贡献者历史合并率低（<30%）;","0","3/1/2020 03:21:34"
"360","711504255","tgstation/tgstation","Jared-Fogle","0","0","1","0.000752885","0.999247","1.78502","贡献者历史合并率低（<30%）;所属仓库PR合并率低（<50%）;","0","30/9/2020 12:28:03"
"361","358765549","scikit-learn/scikit-learn","thomasjpfan","0","0","1","0.00728514","0.992715","2.66698","贡献者历史合并率低（<30%）;所属仓库PR合并率低（<50%）;","0","3/1/2020 03:24:39"
"362","358769738","MicrosoftDocs/microsoft-365-docs","msbemba","0","0","1","0.0156084","0.984392","2.55517","贡献者历史合并率低（<30%）;","0","3/1/2020 03:39:24"
"363","544718314","MicrosoftDocs/microsoft-365-docs","msbemba","0","0","1","0.00000587317","0.999994","2.71507","贡献者历史合并率低（<30%）;","0","3/1/2020 03:45:14"
"364","385826453","void-linux/void-packages","daniel-eys","0","0","1","0.0151704","0.98483","2.90484","贡献者历史合并率低（<30%）;","0","10/3/2020 05:25:00"
"365","544623432","ant-design/ant-design","zachguo","0","0","1","0.0000168099","0.999983","1.7937","贡献者历史合并率低（<30%）;所属仓库PR合并率低（<50%）;","0","3/1/2020 04:18:21"
"366","358429501","Azure/azure-sdk-for-js","ramya-rao-a","0","0","0","0.0392182","0.960782","0.162707","贡献者历史合并率低（<30%）;所属仓库PR合并率低（<50%）;","0","1/1/2020 08:05:47"
"367","544738965","ray-project/ray","AmplabJenkins","0","0","1","0.0022301","0.99777","2.82705","贡献者历史合并率低（<30%）;所属仓库PR合并率低（<50%）;","0","3/1/2020 04:43:57"
"368","544726937","MicrosoftDocs/microsoft-365-docs","mypil","0","0","1","0.00223232","0.997768","2.89224","贡献者历史合并率低（<30%）;","0","3/1/2020 04:45:33"
"369","540559937","ray-project/ray","ericl","0","0","1","0.00050152","0.999498","2.4554","含bug标签;贡献者历史合并率低（<30%）;所属仓库PR合并率低（<50%）;","0","3/1/2020 04:47:01"
"370","357690903","qmk/qmk_firmware","drashna","0","0","1","0.000837304","0.999163","2.63201","贡献者历史合并率低（<30%）;所属仓库PR合并率低（<50%）;","0","3/1/2020 04:52:41"
"371","385841757","void-linux/void-packages","streaksu","0","0","1","0.00292718","0.997073","3.14561","贡献者历史合并率低（<30%）;","0","10/3/2020 06:08:44"
"372","542710013","apache/beam","chamikaramj","0","0","1","0.00137535","0.998625","2.48898","贡献者历史合并率低（<30%）;所属仓库PR合并率低（<50%）;","0","3/1/2020 05:36:59"
"373","358208790","nrwl/nx","Hotell","0","0","1","0.000416126","0.999584","2.83502","贡献者历史合并率低（<30%）;所属仓库PR合并率低（<50%）;","0","3/1/2020 05:38:18"
"374","385846177","joomla/joomla-cms","wilsonge","0","0","1","0.34225","0.65775","2.2781","贡献者历史合并率低（<30%）;所属仓库PR合并率低（<50%）;","0","10/3/2020 06:21:45"
"375","355305812","pytorch/pytorch","zou3519","0","0","1","0.000175157","0.999825","0.169215","贡献者历史合并率低（<30%）;所属仓库PR合并率低（<50%）;","0","3/1/2020 05:22:24"
"376","385846512","dotnet/roslyn","CyrusNajmabadi","0","0","1","0.0070641","0.992936","2.6893","贡献者历史合并率低（<30%）;所属仓库PR合并率低（<50%）;","0","10/3/2020 06:22:45"
"377","544756599","JuliaLang/julia","oscardssmith","0","0","1","0.00103176","0.998968","2.4489","贡献者历史合并率低（<30%）;所属仓库PR合并率低（<50%）;","0","3/1/2020 06:06:28"
"378","520306822","apache/beam","ihji","0","0","1","0.0000108662","0.999989","2.03262","贡献者历史合并率低（<30%）;所属仓库PR合并率低（<50%）;","0","3/1/2020 06:29:08"
"379","358816329","Azure/azure-sdk-for-java","danieljurek","0","0","1","0.202161","0.797839","2.72149","所属仓库PR合并率低（<50%）;","0","3/1/2020 06:31:12"
"380","578240361","dotnet/aspnetcore","j1a2","0","0","1","0.000101854","0.999898","2.03262","贡献者历史合并率低（<30%）;所属仓库PR合并率低（<50%）;","0","10/3/2020 07:08:44"
"381","578230474","rust-lang/rust","ecstatic-morse","0","0","1","0.000990906","0.999009","2.71641","贡献者历史合并率低（<30%）;所属仓库PR合并率低（<50%）;","0","10/3/2020 07:11:26"
"382","358825933","Azure/azure-sdk-for-js","HarshaNalluru","0","0","1","0.194385","0.805615","2.71084","贡献者历史合并率低（<30%）;所属仓库PR合并率低（<50%）;","0","3/1/2020 07:16:27"
"383","358826117","MicrosoftDocs/azure-docs","macolso","0","0","1","0.00134923","0.998651","2.65061","贡献者历史合并率低（<30%）;所属仓库PR合并率低（<50%）;","0","3/1/2020 07:17:26"
"384","539224068","ray-project/ray","josjo80","0","0","1","0.000140826","0.999859","2.89742","贡献者历史合并率低（<30%）;所属仓库PR合并率低（<50%）;","0","3/1/2020 07:21:15"
"385","385033252","flutter/engine","yjbanov","0","0","0","0.000730672","0.999269","2.70996","贡献者历史合并率低（<30%）;所属仓库PR合并率低（<50%）;","0","7/3/2020 05:40:10"
"386","578225220","flutter/engine","skia-flutter-autoroll","0","0","1","0.000385384","0.999615","2.89416","贡献者历史合并率低（<30%）;所属仓库PR合并率低（<50%）;","0","10/3/2020 07:28:28"
"387","360252923","dotnet/AspNetCore.Docs","rynowak","0","0","1","0.000173777","0.999826","3.14595","贡献者历史合并率低（<30%）;","0","4/3/2020 14:08:40"
"388","358829961","laravel/framework","taylorotwell","0","0","1","0.000750019","0.99925","2.16368","所属仓库PR合并率低（<50%）;","0","3/1/2020 07:37:29"
"389","385252596","openhab/openhab-addons","rmichalak","0","0","1","0.00024392","0.999756","2.89803","贡献者历史合并率低（<30%）;所属仓库PR合并率低（<50%）;","0","8/3/2020 18:49:23"
"390","358831217","microsoftgraph/microsoft-graph-docs","Jackson-Woods","0","0","1","0.00937687","0.990623","3.48014","贡献者历史合并率低（<30%）;","0","3/1/2020 07:44:04"
"391","385859098","home-assistant/frontend","zsarnett","0","0","1","0.000358489","0.999642","2.69397","贡献者历史合并率低（<30%）;所属仓库PR合并率低（<50%）;","0","10/3/2020 08:01:15"
"392","385878399","microsoftgraph/microsoft-graph-docs","Lauragra","1","0","1","0.0152724","0.984728","4.61093","无明确高风险原因;","0","10/3/2020 08:24:11"
"393","642433878","pytorch/pytorch","facebook-github-bot","0","0","1","0.00211345","0.997887","1.78804","贡献者历史合并率低（<30%）;所属仓库PR合并率低（<50%）;","0","24/6/2020 00:13:02"
"394","537274904","mlflow/mlflow","stale[bot]","0","0","1","0.00161715","0.998383","2.90544","含bug标签;贡献者历史合并率低（<30%）;所属仓库PR合并率低（<50%）;","0","3/1/2020 08:31:57"
"395","578254436","flutter/engine","skia-flutter-autoroll","0","0","1","0.000385384","0.999615","2.89416","贡献者历史合并率低（<30%）;所属仓库PR合并率低（<50%）;","0","10/3/2020 08:58:23"
"396","643973956","Azure/azure-rest-api-specs","AutorestCI","0","0","1","0.00000641057","0.999994","2.9065","贡献者历史合并率低（<30%）;所属仓库PR合并率低（<50%）;","0","24/6/2020 00:17:53"
"397","643952855","rstudio/rstudio","kfeinauer","0","0","1","0.000481053","0.999519","2.6275","贡献者历史合并率低（<30%）;所属仓库PR合并率低（<50%）;","0","24/6/2020 00:18:08"
"398","358842206","MicrosoftDocs/azure-docs","outinyman","0","0","1","0.00100235","0.998998","2.70427","贡献者历史合并率低（<30%）;所属仓库PR合并率低（<50%）;","0","3/1/2020 08:54:47"
"399","507429155","apache/airflow","houqp","0","0","1","0.000375489","0.999624","2.34481","贡献者历史合并率低（<30%）;所属仓库PR合并率低（<50%）;","0","3/1/2020 09:06:32"
"400","358844865","MicrosoftDocs/azure-docs","outinyman","0","0","1","0.00094375","0.999056","2.70576","贡献者历史合并率低（<30%）;所属仓库PR合并率低（<50%）;","0","3/1/2020 09:14:00"
"401","361067878","Automattic/wp-calypso","nosolosw","0","0","1","0.656293","0.343707","2.0939","贡献者历史合并率低（<30%）;所属仓库PR合并率低（<50%）;","0","10/1/2020 01:11:51"
"402","495454005","JetBrains/swot","fioresoft","0","0","0","0.849842","0.150158","11.1962","贡献者历史合并率低（<30%）;","0","30/9/2020 19:53:26"
"403","387469823","microsoftgraph/microsoft-graph-docs","Lauragra","0","0","0","0.68104","0.31896","2.75915",,"1","13/3/2020 08:24:39"
"404","492382517","MicrosoftDocs/microsoft-365-docs","msbemba","0","0","0","0.758555","0.241445","2.19445","贡献者历史合并率低（<30%）;","0","24/9/2020 19:36:08"
"405","353252922","void-linux/void-packages","Chocimier","0","0","0","0.818148","0.181852","2.7155",,"1","15/3/2020 02:45:42"
"406","439706032","void-linux/void-packages","benalb","0","0","0","0.836207","0.163793","2.80245","贡献者历史合并率低（<30%）;","0","25/6/2020 14:34:01"
"407","438852981","void-linux/void-packages","ailiop-git","0","0","0","0.821478","0.178522","2.80414","贡献者历史合并率低（<30%）;","0","24/6/2020 06:17:15"
"408","436829400","void-linux/void-packages","not-chicken","0","0","0","0.821478","0.178522","2.86146","贡献者历史合并率低（<30%）;","0","19/6/2020 08:46:33"
"409","388842628","microsoft/vscode","aeschli","0","0","1","0.547562","0.452438","2.16561","贡献者历史合并率低（<30%）;所属仓库PR合并率低（<50%）;","0","16/3/2020 05:45:30"
"410","435167355","void-linux/void-packages","ailiop-git","0","0","1","0.836207","0.163793","2.71424","贡献者历史合并率低（<30%）;","0","16/6/2020 20:00:43"
"411","380453823","microsoftgraph/microsoft-graph-docs","Lauragra","0","0","0","0.680702","0.319298","2.94986",,"1","27/2/2020 03:10:31"
"412","369445215","void-linux/void-packages","anjandev","0","0","0","0.818235","0.181765","2.90725","贡献者历史合并率低（<30%）;","0","31/1/2020 15:19:04"
"413","409314307","void-linux/void-packages","Val6789","0","0","1","0.818251","0.181749","2.9061","贡献者历史合并率低（<30%）;","0","27/4/2020 15:44:32"
"414","391131637","void-linux/void-packages","ahesford","0","0","1","0.827332","0.172668","2.63995","无明确高风险原因;","0","20/3/2020 01:14:49"
"415","380553471","microsoftgraph/microsoft-graph-docs","davidmu1","0","0","0","0.679087","0.320913","2.97739","贡献者历史合并率低（<30%）;","0","27/2/2020 07:09:58"
"416","441953627","ultralytics/yolov5","yxNONG","0","0","0","0.746526","0.253474","1.7027","贡献者历史合并率低（<30%）;所属仓库PR合并率低（<50%）;","0","30/6/2020 19:07:05"
"417","498624899","jlord/patchwork","reporobot","0","0","0","0.878834","0.121166","1.92962",,"1","6/10/2020 23:11:57"
"418","369761182","void-linux/void-packages","renatoaguiar","0","0","0","0.828573","0.171427","3.1396","贡献者历史合并率低（<30%）;","0","1/2/2020 04:36:49"
"419","369732995","void-linux/void-packages","ailiop-git","0","0","0","0.828739","0.171261","3.00429","贡献者历史合并率低（<30%）;","0","1/2/2020 03:18:28"
"420","371649560","void-linux/void-packages","xtraeme","0","0","0","0.652323","0.347677","3.01318",,"1","6/2/2020 15:13:29"
"421","395098487","JetBrains/swot","philipto","0","0","0","0.849842","0.150158","5.14187",,"1","28/3/2020 21:50:09"
"422","369103614","void-linux/void-packages","sgn","0","0","0","0.821317","0.178683","2.71079","贡献者历史合并率低（<30%）;","0","30/1/2020 22:27:08"
"423","372695682","void-linux/void-packages","Hoshpak","0","0","0","0.828573","0.171427","2.9119",,"1","8/2/2020 19:12:20"
"424","335130012","microsoftgraph/microsoft-graph-docs","Lauragra","0","0","1","0.681964","0.318036","2.80179","无明确高风险原因;","0","3/4/2020 08:11:19"
"425","398335604","jlord/patchwork","reporobot","0","0","0","0.857794","0.142206","2.70607",,"1","4/4/2020 04:58:17"
"426","399834679","microsoft/vscode","Tyriar","0","0","1","0.607959","0.392041","2.45964","贡献者历史合并率低（<30%）;所属仓库PR合并率低（<50%）;","0","7/4/2020 02:44:38"
"427","395785262","microsoftgraph/microsoft-graph-docs","yyuank","0","0","0","0.681387","0.318613","0.176818","贡献者历史合并率低（<30%）;","0","31/3/2020 01:13:26"
"428","366327106","void-linux/void-packages","Mikkelhauvgaard","0","0","0","0.828573","0.171427","3.12133","贡献者历史合并率低（<30%）;","0","23/1/2020 20:02:15"
"429","323286239","void-linux/void-packages","Hoshpak","0","0","1","0.828853","0.171147","2.91171","无明确高风险原因;","0","14/2/2020 20:13:58"
"430","327441890","void-linux/void-packages","Hoshpak","0","0","1","0.828573","0.171427","2.9119","无明确高风险原因;","0","14/2/2020 20:20:04"
"431","360836022","void-linux/void-packages","klardotsh","0","0","0","0.673515","0.326485","3.12833","贡献者历史合并率低（<30%）;","0","9/1/2020 16:37:11"
"432","399694753","microsoft/vscode","dbaeumer","0","0","0","0.504828","0.495172","1.80937","贡献者历史合并率低（<30%）;所属仓库PR合并率低（<50%）;","0","6/4/2020 23:20:41"
"433","308325078","void-linux/void-packages","xtraeme","0","0","1","0.656833","0.343167","3.0132","无明确高风险原因;","0","15/2/2020 03:20:36"
"434","400986964","microsoftgraph/microsoft-graph-docs","Lauragra","0","0","0","0.677728","0.322272","2.75425",,"1","9/4/2020 06:48:05"
"435","455950418","void-linux/void-packages","ahesford","0","0","0","0.502336","0.497664","2.05614",,"1","24/7/2020 05:02:28"
"436","408031091","void-linux/void-packages","pfpulux","0","0","0","0.819164","0.180836","2.89085","贡献者历史合并率低（<30%）;","0","24/4/2020 00:24:32"
"437","437722618","void-linux/void-packages","Johnnynator","0","0","0","0.780267","0.219733","2.66764",,"1","22/6/2020 14:46:12"
"438","456511908","void-linux/void-packages","Chocimier","0","0","0","0.818242","0.181758","2.90179",,"1","25/7/2020 06:14:25"
"439","395985137","microsoftgraph/microsoft-graph-docs","cloudhandler","0","0","0","0.681069","0.318931","2.71752","贡献者历史合并率低（<30%）;","0","31/3/2020 08:29:19"
"440","350828480","microsoftgraph/microsoft-graph-docs","dkershaw10","0","0","0","0.680566","0.319434","2.72445","贡献者历史合并率低（<30%）;","0","5/3/2020 02:21:18"
"441","503560063","jlord/patchwork","reporobot","0","0","0","0.878834","0.121166","1.88311",,"1","15/10/2020 02:26:42"
"442","459235519","AdguardTeam/AdguardFilters","stanislav-atr","0","0","0","0.821993","0.178007","1.60136","贡献者历史合并率低（<30%）;","0","30/7/2020 22:25:13"
"443","381954681","void-linux/void-packages","diogoleal","0","0","0","0.647745","0.352255","3.14543","贡献者历史合并率低（<30%）;","0","1/3/2020 07:06:36"
"444","381683647","microsoftgraph/microsoft-graph-docs","Lauragra","0","0","0","0.661534","0.338466","4.80023","无明确高风险原因;","0","29/2/2020 10:07:53"
"445","459531546","MicrosoftDocs/microsoft-365-docs","msbemba","0","0","0","0.612391","0.387608","2.37287","贡献者历史合并率低（<30%）;","0","31/7/2020 03:32:10"
"446","509671459","void-linux/void-packages","ScOut3R","0","0","1","0.502453","0.497547","1.68075","贡献者历史合并率低（<30%）;","0","26/10/2020 06:10:15"
"447","509474416","void-linux/void-packages","jnbr","0","0","0","0.611898","0.388102","2.80158",,"1","25/10/2020 02:30:40"
"448","511020735","void-linux/void-packages","Piraty","0","0","1","0.836203","0.163797","2.36276","无明确高风险原因;","0","29/10/2020 19:46:15"
"449","513190058","void-linux/void-packages","abenson","0","0","1","0.80819","0.19181","2.15169","无明确高风险原因;","0","31/10/2020 02:00:19"
"450","471571313","AdguardTeam/AdguardFilters","AdamWr","0","0","0","0.781915","0.218085","1.61673","无明确高风险原因;","0","24/8/2020 18:15:10"
"451","513258723","JetBrains/swot","derson247","0","0","0","0.850072","0.149928","11.1925","贡献者历史合并率低（<30%）;","0","31/10/2020 04:10:29"
"452","512784748","JetBrains/swot","kasparsj","0","0","1","0.850072","0.149928","10.3415","贡献者历史合并率低（<30%）;","0","30/10/2020 14:19:22"
"453","513034272","JetBrains/swot","junyangtoa","0","0","0","0.849842","0.150158","11.1888","贡献者历史合并率低（<30%）;","0","30/10/2020 22:08:53"
"454","329928928","microsoftgraph/microsoft-graph-docs","Lauragra","0","0","0","0.673593","0.326407","4.05823",,"1","16/5/2020 07:44:51"
"455","419872509","PaddlePaddle/Paddle","chalsliu","0","0","1","0.509579","0.490421","1.79024","贡献者历史合并率低（<30%）;所属仓库PR合并率低（<50%）;","0","19/5/2020 12:39:26"
"456","509740746","firstcontributions/first-contributions","Roshanjossey","0","0","0","0.856572","0.143428","4.63963",,"1","26/10/2020 12:01:27"
"457","509917035","firstcontributions/first-contributions","Roshanjossey","0","0","0","0.856413","0.143586","4.61827",,"1","26/10/2020 18:06:33"
"458","509932125","firstcontributions/first-contributions","Roshanjossey","0","0","0","0.856413","0.143586","4.6466",,"1","26/10/2020 18:33:17"
"459","505424245","firstcontributions/first-contributions","Dhruv-Sah","0","0","1","0.85638","0.14362","3.20807","贡献者历史合并率低（<30%）;","0","18/10/2020 14:52:54"
"460","513456250","firstcontributions/first-contributions","dotsandchipsandthings","0","0","0","0.856538","0.143462","4.60443","贡献者历史合并率低（<30%）;","0","1/11/2020 00:00:53"
"461","510187412","firstcontributions/first-contributions","Roshanjossey","0","0","0","0.85871","0.14129","4.67707",,"1","27/10/2020 01:22:03"
"462","510216644","firstcontributions/first-contributions","Roshanjossey","0","0","0","0.85638","0.14362","4.58276",,"1","27/10/2020 02:12:19"
"463","511029793","JetBrains/swot","KarolinaMatusiewicz","0","0","1","0.850072","0.149928","12.0688","贡献者历史合并率低（<30%）;","0","28/10/2020 04:13:28"
"464","512410392","JetBrains/swot","konopkagrzegorz","0","0","0","0.850072","0.149928","10.0292","贡献者历史合并率低（<30%）;","0","30/10/2020 00:38:43"
"465","474875990","void-linux/void-packages","Chocimier","0","0","0","0.818689","0.181311","2.71513","无明确高风险原因;","0","28/8/2020 02:31:21"
"466","475958126","void-linux/void-packages","ailiop-git","0","0","1","0.502453","0.497547","2.29865","贡献者历史合并率低（<30%）;","0","31/8/2020 04:16:36"
"467","475959233","void-linux/void-packages","ailiop-git","0","0","1","0.524393","0.475607","2.29796","贡献者历史合并率低（<30%）;","0","31/8/2020 04:26:00"
"468","476187638","JetBrains/swot","ngothanhtung","0","0","1","0.850072","0.149928","10.9929","贡献者历史合并率低（<30%）;","0","31/8/2020 17:50:14"
"469","476447660","JetBrains/swot","miradnan","0","0","0","0.849842","0.150158","10.9143","贡献者历史合并率低（<30%）;","0","1/9/2020 02:00:49"
"470","437469090","void-linux/void-packages","Johnnynator","0","0","1","0.779558","0.220442","2.06076","无明确高风险原因;","0","21/6/2020 06:37:18"
"471","422440256","void-linux/void-packages","mobinmob","0","0","0","0.836207","0.163793","2.73199","贡献者历史合并率低（<30%）;","0","25/5/2020 00:55:54"
"472","418248694","void-linux/void-packages","Chocimier","0","0","0","0.836897","0.163103","2.81954","无明确高风险原因;","0","15/5/2020 05:11:33"
"473","422440831","void-linux/void-packages","mobinmob","0","0","0","0.828573","0.171427","2.93177","贡献者历史合并率低（<30%）;","0","25/5/2020 01:00:47"
"474","412539491","void-linux/void-packages","travankor","0","0","0","0.821478","0.178522","2.90792","贡献者历史合并率低（<30%）;","0","3/5/2020 10:51:20"
"475","422327361","void-linux/void-packages","travankor","0","0","0","0.821478","0.178522","2.88663","贡献者历史合并率低（<30%）;","0","24/5/2020 05:08:43"
"476","475689203","JetBrains/swot","dkuzulu","0","0","1","0.849842","0.150158","11.1549","贡献者历史合并率低（<30%）;","0","29/8/2020 08:14:56"
"477","424065950","void-linux/void-packages","Hoshpak","0","0","1","0.832466","0.167534","2.90595",,"1","28/5/2020 03:19:33"
"478","424925318","void-linux/void-packages","Piraty","0","0","1","0.837049","0.162951","2.76501","无明确高风险原因;","0","29/5/2020 15:03:43"
"479","509036412","firstcontributions/first-contributions","SherriChuah","0","0","0","0.856413","0.143586","4.63582","贡献者历史合并率低（<30%）;","0","23/10/2020 23:19:16"
"480","508371100","firstcontributions/first-contributions","Roshanjossey","0","0","0","0.856413","0.143586","3.96642",,"1","22/11/2020 05:23:36"
"481","508040855","firstcontributions/first-contributions","cobanov","0","0","0","0.856413","0.143586","4.60176","贡献者历史合并率低（<30%）;","0","22/10/2020 14:09:37"
"482","507162257","firstcontributions/first-contributions","RachitSharma2001","0","0","0","0.856413","0.143586","4.64208","贡献者历史合并率低（<30%）;","0","21/10/2020 07:59:51"
"483","506251994","firstcontributions/first-contributions","swapnilcsre","0","0","1","0.856413","0.143586","2.94596","贡献者历史合并率低（<30%）;","0","20/10/2020 04:18:03"
"484","506215375","firstcontributions/first-contributions","anushkasethi1710","0","0","0","0.855865","0.144135","2.90466","贡献者历史合并率低（<30%）;","0","20/10/2020 03:06:13"
"485","497566265","firstcontributions/first-contributions","Jonesey712","0","0","0","0.856413","0.143586","3.69251","贡献者历史合并率低（<30%）;","0","5/10/2020 12:02:46"
"486","499632734","firstcontributions/first-contributions","mattmcknight13","0","0","0","0.856486","0.143514","4.45927","贡献者历史合并率低（<30%）;","0","8/10/2020 11:32:29"
"487","499651007","firstcontributions/first-contributions","muhammad-fahd","0","0","0","0.856413","0.143586","4.40046","贡献者历史合并率低（<30%）;","0","8/10/2020 12:39:11"
"488","501036358","firstcontributions/first-contributions","Spectrumlitez","0","0","0","0.856413","0.143587","3.17348","贡献者历史合并率低（<30%）;","0","11/10/2020 04:58:00"
"489","504275928","firstcontributions/first-contributions","LiamHoogstad","0","0","0","0.856413","0.143587","4.65815","贡献者历史合并率低（<30%）;","0","16/10/2020 01:51:25"
"490","504276556","firstcontributions/first-contributions","JDeasley","0","0","0","0.858051","0.141949","4.66701","贡献者历史合并率低（<30%）;","0","16/10/2020 01:52:34"
"491","505426522","firstcontributions/first-contributions","Sagar-Prasad","0","0","0","0.856413","0.143587","3.16018","贡献者历史合并率低（<30%）;","0","18/10/2020 15:13:41"
"492","505424182","firstcontributions/first-contributions","DarinJeff","0","0","0","0.856413","0.143587","3.06254","贡献者历史合并率低（<30%）;","0","18/10/2020 14:52:18"
"493","500624342","firstcontributions/first-contributions","canerbalci","0","0","0","0.856413","0.143586","4.62485","贡献者历史合并率低（<30%）;","0","9/10/2020 22:21:00"
"494","421985833","void-linux/void-packages","Piraty","0","0","1","0.835941","0.164059","2.68282","无明确高风险原因;","0","22/5/2020 23:27:40"
"495","503692259","firstcontributions/first-contributions","Washirican","0","0","0","0.856347","0.143653","4.62698","贡献者历史合并率低（<30%）;","0","15/10/2020 06:35:50"
"496","504659341","firstcontributions/first-contributions","masayaShinoda","0","0","1","0.856874","0.143126","4.49745","贡献者历史合并率低（<30%）;","0","16/10/2020 15:49:50"
"497","504962201","firstcontributions/first-contributions","Amazedmonster6","0","0","0","0.856413","0.143586","4.70883","贡献者历史合并率低（<30%）;","0","17/10/2020 00:29:15"
"498","422355999","void-linux/void-packages","Piraty","0","0","0","0.83609","0.16391","2.68255",,"1","24/5/2020 11:10:52"
"499","503385051","firstcontributions/first-contributions","shreyubee","0","0","0","0.856413","0.143586","3.93646","贡献者历史合并率低（<30%）;","0","14/10/2020 21:43:17"
"500","502519598","firstcontributions/first-contributions","Paul-Kl01","0","0","0","0.856413","0.143586","4.65019","贡献者历史合并率低（<30%）;","0","14/10/2020 00:11:21"
